# Generated by tools/export_void_axe.py; edit the Blockbench source instead.
mtllib axe_of_the_void.mtl
usemtl axe
g axe
v 0.562500000 1.093750000 0.437500000
v 0.562500000 -0.812500000 0.437500000
v 0.437500000 -0.812500000 0.437500000
v 0.437500000 1.093750000 0.437500000
vt 0.000000000 0.000000000
vt 0.000000000 0.238281250
vt 0.015625000 0.238281250
vt 0.015625000 0.000000000
f 1/1 2/2 3/3 4/4
v 0.437500000 1.093750000 0.562500000
v 0.437500000 -0.812500000 0.562500000
v 0.562500000 -0.812500000 0.562500000
v 0.562500000 1.093750000 0.562500000
vt 0.046875000 0.000000000
vt 0.046875000 0.238281250
vt 0.062500000 0.238281250
vt 0.062500000 0.000000000
f 5/5 6/6 7/7 8/8
v 0.562500000 1.093750000 0.562500000
v 0.562500000 -0.812500000 0.562500000
v 0.562500000 -0.812500000 0.437500000
v 0.562500000 1.093750000 0.437500000
vt 0.023437500 0.000000000
vt 0.023437500 0.238281250
vt 0.039062500 0.238281250
vt 0.039062500 0.000000000
f 9/9 10/10 11/11 12/12
v 0.437500000 1.093750000 0.437500000
v 0.437500000 -0.812500000 0.437500000
v 0.437500000 -0.812500000 0.562500000
v 0.437500000 1.093750000 0.562500000
vt 0.070312500 0.000000000
vt 0.070312500 0.238281250
vt 0.085937500 0.238281250
vt 0.085937500 0.000000000
f 13/13 14/14 15/15 16/16
v 0.437500000 1.093750000 0.437500000
v 0.437500000 1.093750000 0.562500000
v 0.562500000 1.093750000 0.562500000
v 0.562500000 1.093750000 0.437500000
vt 0.070312500 0.554687500
vt 0.070312500 0.539062500
vt 0.054687500 0.539062500
vt 0.054687500 0.554687500
f 17/17 18/18 19/19 20/20
v 0.437500000 -0.812500000 0.562500000
v 0.437500000 -0.812500000 0.437500000
v 0.562500000 -0.812500000 0.437500000
v 0.562500000 -0.812500000 0.562500000
vt 0.093750000 0.539062500
vt 0.093750000 0.554687500
vt 0.078125000 0.554687500
vt 0.078125000 0.539062500
f 21/21 22/22 23/23 24/24
v 0.593750000 -0.687500000 0.406250000
v 0.593750000 -0.750000000 0.406250000
v 0.406250000 -0.750000000 0.406250000
v 0.406250000 -0.687500000 0.406250000
vt 0.320312500 0.562500000
vt 0.320312500 0.570312500
vt 0.343750000 0.570312500
vt 0.343750000 0.562500000
f 25/25 26/26 27/27 28/28
v 0.406250000 -0.687500000 0.593750000
v 0.406250000 -0.750000000 0.593750000
v 0.593750000 -0.750000000 0.593750000
v 0.593750000 -0.687500000 0.593750000
vt 0.382812500 0.562500000
vt 0.382812500 0.570312500
vt 0.406250000 0.570312500
vt 0.406250000 0.562500000
f 29/29 30/30 31/31 32/32
v 0.593750000 -0.687500000 0.593750000
v 0.593750000 -0.750000000 0.593750000
v 0.593750000 -0.750000000 0.406250000
v 0.593750000 -0.687500000 0.406250000
vt 0.351562500 0.562500000
vt 0.351562500 0.570312500
vt 0.375000000 0.570312500
vt 0.375000000 0.562500000
f 33/33 34/34 35/35 36/36
v 0.406250000 -0.687500000 0.406250000
v 0.406250000 -0.750000000 0.406250000
v 0.406250000 -0.750000000 0.593750000
v 0.406250000 -0.687500000 0.593750000
vt 0.414062500 0.562500000
vt 0.414062500 0.570312500
vt 0.437500000 0.570312500
vt 0.437500000 0.562500000
f 37/37 38/38 39/39 40/40
v 0.406250000 -0.687500000 0.406250000
v 0.406250000 -0.687500000 0.593750000
v 0.593750000 -0.687500000 0.593750000
v 0.593750000 -0.687500000 0.406250000
vt 0.500000000 0.492187500
vt 0.500000000 0.468750000
vt 0.476562500 0.468750000
vt 0.476562500 0.492187500
f 41/41 42/42 43/43 44/44
v 0.406250000 -0.750000000 0.593750000
v 0.406250000 -0.750000000 0.406250000
v 0.593750000 -0.750000000 0.406250000
v 0.593750000 -0.750000000 0.593750000
vt 0.023437500 0.484375000
vt 0.023437500 0.507812500
vt 0.000000000 0.507812500
vt 0.000000000 0.484375000
f 45/45 46/46 47/47 48/48
v 0.593750000 1.125000000 0.406250000
v 0.593750000 1.062500000 0.406250000
v 0.406250000 1.062500000 0.406250000
v 0.406250000 1.125000000 0.406250000
vt 0.562500000 0.226562500
vt 0.562500000 0.234375000
vt 0.585937500 0.234375000
vt 0.585937500 0.226562500
f 49/49 50/50 51/51 52/52
v 0.406250000 1.125000000 0.593750000
v 0.406250000 1.062500000 0.593750000
v 0.593750000 1.062500000 0.593750000
v 0.593750000 1.125000000 0.593750000
vt 0.562500000 0.257812500
vt 0.562500000 0.265625000
vt 0.585937500 0.265625000
vt 0.585937500 0.257812500
f 53/53 54/54 55/55 56/56
v 0.593750000 1.125000000 0.593750000
v 0.593750000 1.062500000 0.593750000
v 0.593750000 1.062500000 0.406250000
v 0.593750000 1.125000000 0.406250000
vt 0.562500000 0.242187500
vt 0.562500000 0.250000000
vt 0.585937500 0.250000000
vt 0.585937500 0.242187500
f 57/57 58/58 59/59 60/60
v 0.406250000 1.125000000 0.406250000
v 0.406250000 1.062500000 0.406250000
v 0.406250000 1.062500000 0.593750000
v 0.406250000 1.125000000 0.593750000
vt 0.562500000 0.273437500
vt 0.562500000 0.281250000
vt 0.585937500 0.281250000
vt 0.585937500 0.273437500
f 61/61 62/62 63/63 64/64
v 0.406250000 1.125000000 0.406250000
v 0.406250000 1.125000000 0.593750000
v 0.593750000 1.125000000 0.593750000
v 0.593750000 1.125000000 0.406250000
vt 0.406250000 0.500000000
vt 0.406250000 0.476562500
vt 0.382812500 0.476562500
vt 0.382812500 0.500000000
f 65/65 66/66 67/67 68/68
v 0.406250000 1.062500000 0.593750000
v 0.406250000 1.062500000 0.406250000
v 0.593750000 1.062500000 0.406250000
v 0.593750000 1.062500000 0.593750000
vt 0.437500000 0.476562500
vt 0.437500000 0.500000000
vt 0.414062500 0.500000000
vt 0.414062500 0.476562500
f 69/69 70/70 71/71 72/72
v 0.531250000 1.156250000 0.500000000
v 0.531250000 1.062500000 0.500000000
v 0.468750000 1.062500000 0.500000000
v 0.468750000 1.156250000 0.500000000
vt 0.609375000 0.171875000
vt 0.609375000 0.183593750
vt 0.617187500 0.183593750
vt 0.617187500 0.171875000
f 73/73 74/74 75/75 76/76
v 0.468750000 1.156250000 0.500000000
v 0.468750000 1.062500000 0.500000000
v 0.531250000 1.062500000 0.500000000
v 0.531250000 1.156250000 0.500000000
vt 0.609375000 0.234375000
vt 0.609375000 0.246093750
vt 0.617187500 0.246093750
vt 0.617187500 0.234375000
f 77/77 78/78 79/79 80/80
g axe_head
v 0.593750000 1.800000000 0.406250000
v 0.593750000 1.706250000 0.406250000
v 0.406250000 1.706250000 0.406250000
v 0.406250000 1.800000000 0.406250000
vt 0.601562500 0.601562500
vt 0.601562500 0.605468750
vt 0.625000000 0.605468750
vt 0.625000000 0.601562500
f 81/81 82/82 83/83 84/84
v 0.406250000 1.800000000 0.593750000
v 0.406250000 1.706250000 0.593750000
v 0.593750000 1.706250000 0.593750000
v 0.593750000 1.800000000 0.593750000
vt 0.609375000 0.125000000
vt 0.609375000 0.128906250
vt 0.632812500 0.128906250
vt 0.632812500 0.125000000
f 85/85 86/86 87/87 88/88
v 0.593750000 1.800000000 0.593750000
v 0.593750000 1.706250000 0.593750000
v 0.593750000 1.706250000 0.406250000
v 0.593750000 1.800000000 0.406250000
vt 0.046875000 0.609375000
vt 0.046875000 0.613281250
vt 0.070312500 0.613281250
vt 0.070312500 0.609375000
f 89/89 90/90 91/91 92/92
v 0.406250000 1.800000000 0.406250000
v 0.406250000 1.706250000 0.406250000
v 0.406250000 1.706250000 0.593750000
v 0.406250000 1.800000000 0.593750000
vt 0.609375000 0.140625000
vt 0.609375000 0.144531250
vt 0.632812500 0.144531250
vt 0.632812500 0.140625000
f 93/93 94/94 95/95 96/96
v 0.406250000 1.800000000 0.406250000
v 0.406250000 1.800000000 0.593750000
v 0.593750000 1.800000000 0.593750000
v 0.593750000 1.800000000 0.406250000
vt 0.500000000 0.460937500
vt 0.500000000 0.437500000
vt 0.476562500 0.437500000
vt 0.476562500 0.460937500
f 97/97 98/98 99/99 100/100
v 0.406250000 1.706250000 0.593750000
v 0.406250000 1.706250000 0.406250000
v 0.593750000 1.706250000 0.406250000
v 0.593750000 1.706250000 0.593750000
vt 0.468750000 0.476562500
vt 0.468750000 0.500000000
vt 0.445312500 0.500000000
vt 0.445312500 0.476562500
f 101/101 102/102 103/103 104/104
v 0.687500000 1.750000000 0.343750000
v 0.687500000 1.125000000 0.343750000
v 0.312500000 1.125000000 0.343750000
v 0.312500000 1.750000000 0.343750000
vt 0.093750000 0.000000000
vt 0.093750000 0.078125000
vt 0.140625000 0.078125000
vt 0.140625000 0.000000000
f 105/105 106/106 107/107 108/108
v 0.312500000 1.750000000 0.656250000
v 0.312500000 1.125000000 0.656250000
v 0.687500000 1.125000000 0.656250000
v 0.687500000 1.750000000 0.656250000
vt 0.093750000 0.085937500
vt 0.093750000 0.164062500
vt 0.140625000 0.164062500
vt 0.140625000 0.085937500
f 109/109 110/110 111/111 112/112
v 0.687500000 1.750000000 0.656250000
v 0.687500000 1.125000000 0.656250000
v 0.687500000 1.125000000 0.343750000
v 0.687500000 1.750000000 0.343750000
vt 0.148437500 0.000000000
vt 0.148437500 0.078125000
vt 0.187500000 0.078125000
vt 0.187500000 0.000000000
f 113/113 114/114 115/115 116/116
v 0.312500000 1.750000000 0.343750000
v 0.312500000 1.125000000 0.343750000
v 0.312500000 1.125000000 0.656250000
v 0.312500000 1.750000000 0.656250000
vt 0.148437500 0.085937500
vt 0.148437500 0.164062500
vt 0.187500000 0.164062500
vt 0.187500000 0.085937500
f 117/117 118/118 119/119 120/120
v 0.312500000 1.750000000 0.343750000
v 0.312500000 1.750000000 0.656250000
v 0.687500000 1.750000000 0.656250000
v 0.687500000 1.750000000 0.343750000
vt 0.250000000 0.257812500
vt 0.250000000 0.218750000
vt 0.203125000 0.218750000
vt 0.203125000 0.257812500
f 121/121 122/122 123/123 124/124
v 0.312500000 1.125000000 0.656250000
v 0.312500000 1.125000000 0.343750000
v 0.687500000 1.125000000 0.343750000
v 0.687500000 1.125000000 0.656250000
vt 0.140625000 0.234375000
vt 0.140625000 0.273437500
vt 0.093750000 0.273437500
vt 0.093750000 0.234375000
f 125/125 126/126 127/127 128/128
v 0.562500000 1.906250000 0.437500000
v 0.562500000 1.750000000 0.437500000
v 0.437500000 1.750000000 0.437500000
v 0.437500000 1.906250000 0.437500000
vt 0.312500000 0.242187500
vt 0.312500000 0.261718750
vt 0.328125000 0.261718750
vt 0.328125000 0.242187500
f 129/129 130/130 131/131 132/132
v 0.437500000 1.906250000 0.562500000
v 0.437500000 1.750000000 0.562500000
v 0.562500000 1.750000000 0.562500000
v 0.562500000 1.906250000 0.562500000
vt 0.343750000 0.531250000
vt 0.343750000 0.550781250
vt 0.359375000 0.550781250
vt 0.359375000 0.531250000
f 133/133 134/134 135/135 136/136
v 0.562500000 1.906250000 0.562500000
v 0.562500000 1.750000000 0.562500000
v 0.562500000 1.750000000 0.437500000
v 0.562500000 1.906250000 0.437500000
vt 0.320312500 0.531250000
vt 0.320312500 0.550781250
vt 0.335937500 0.550781250
vt 0.335937500 0.531250000
f 137/137 138/138 139/139 140/140
v 0.437500000 1.906250000 0.437500000
v 0.437500000 1.750000000 0.437500000
v 0.437500000 1.750000000 0.562500000
v 0.437500000 1.906250000 0.562500000
vt 0.367187500 0.531250000
vt 0.367187500 0.550781250
vt 0.382812500 0.550781250
vt 0.382812500 0.531250000
f 141/141 142/142 143/143 144/144
v 0.437500000 1.906250000 0.437500000
v 0.437500000 1.906250000 0.562500000
v 0.562500000 1.906250000 0.562500000
v 0.562500000 1.906250000 0.437500000
vt 0.117187500 0.554687500
vt 0.117187500 0.539062500
vt 0.101562500 0.539062500
vt 0.101562500 0.554687500
f 145/145 146/146 147/147 148/148
v 0.437500000 1.750000000 0.562500000
v 0.437500000 1.750000000 0.437500000
v 0.562500000 1.750000000 0.437500000
v 0.562500000 1.750000000 0.562500000
vt 0.562500000 0.203125000
vt 0.562500000 0.218750000
vt 0.546875000 0.218750000
vt 0.546875000 0.203125000
f 149/149 150/150 151/151 152/152
v 0.625000000 1.656250000 0.312500000
v 0.625000000 1.218750000 0.312500000
v 0.375000000 1.218750000 0.312500000
v 0.375000000 1.656250000 0.312500000
vt 0.054687500 0.250000000
vt 0.054687500 0.304687500
vt 0.085937500 0.304687500
vt 0.085937500 0.250000000
f 153/153 154/154 155/155 156/156
v 0.375000000 1.656250000 0.687500000
v 0.375000000 1.218750000 0.687500000
v 0.625000000 1.218750000 0.687500000
v 0.625000000 1.656250000 0.687500000
vt 0.203125000 0.265625000
vt 0.203125000 0.320312500
vt 0.234375000 0.320312500
vt 0.234375000 0.265625000
f 157/157 158/158 159/159 160/160
v 0.625000000 1.656250000 0.687500000
v 0.625000000 1.218750000 0.687500000
v 0.625000000 1.218750000 0.312500000
v 0.625000000 1.656250000 0.312500000
vt 0.093750000 0.171875000
vt 0.093750000 0.226562500
vt 0.140625000 0.226562500
vt 0.140625000 0.171875000
f 161/161 162/162 163/163 164/164
v 0.375000000 1.656250000 0.312500000
v 0.375000000 1.218750000 0.312500000
v 0.375000000 1.218750000 0.687500000
v 0.375000000 1.656250000 0.687500000
vt 0.148437500 0.171875000
vt 0.148437500 0.226562500
vt 0.195312500 0.226562500
vt 0.195312500 0.171875000
f 165/165 166/166 167/167 168/168
v 0.375000000 1.656250000 0.312500000
v 0.375000000 1.656250000 0.687500000
v 0.625000000 1.656250000 0.687500000
v 0.625000000 1.656250000 0.312500000
vt 0.031250000 0.343750000
vt 0.031250000 0.296875000
vt 0.000000000 0.296875000
vt 0.000000000 0.343750000
f 169/169 170/170 171/171 172/172
v 0.375000000 1.218750000 0.687500000
v 0.375000000 1.218750000 0.312500000
v 0.625000000 1.218750000 0.312500000
v 0.625000000 1.218750000 0.687500000
vt 0.335937500 0.000000000
vt 0.335937500 0.046875000
vt 0.304687500 0.046875000
vt 0.304687500 0.000000000
f 173/173 174/174 175/175 176/176
v 0.531250000 1.156250000 0.500000000
v 0.531250000 1.062500000 0.500000000
v 0.468750000 1.062500000 0.500000000
v 0.468750000 1.156250000 0.500000000
vt 0.078125000 0.312500000
vt 0.078125000 0.324218750
vt 0.085937500 0.324218750
vt 0.085937500 0.312500000
f 177/177 178/178 179/179 180/180
v 0.468750000 1.156250000 0.500000000
v 0.468750000 1.062500000 0.500000000
v 0.531250000 1.062500000 0.500000000
v 0.531250000 1.156250000 0.500000000
vt 0.382812500 0.359375000
vt 0.382812500 0.371093750
vt 0.390625000 0.371093750
vt 0.390625000 0.359375000
f 181/181 182/182 183/183 184/184
g axe_blade
v 0.813543081 1.853727494 0.437500000
v 1.014852533 1.614707088 0.437500000
v 0.732808454 1.377161935 0.437500000
v 0.531499002 1.616182341 0.437500000
vt 0.148437500 0.234375000
vt 0.148437500 0.273437500
vt 0.195312500 0.273437500
vt 0.195312500 0.234375000
f 185/185 186/186 187/187 188/188
v 0.531499002 1.616182341 0.562500000
v 0.732808454 1.377161935 0.562500000
v 1.014852533 1.614707088 0.562500000
v 0.813543081 1.853727494 0.562500000
vt 0.000000000 0.250000000
vt 0.000000000 0.289062500
vt 0.046875000 0.289062500
vt 0.046875000 0.250000000
f 189/189 190/190 191/191 192/192
v 0.813543081 1.853727494 0.562500000
v 1.014852533 1.614707088 0.562500000
v 1.014852533 1.614707088 0.437500000
v 0.813543081 1.853727494 0.437500000
vt 0.429687500 0.234375000
vt 0.429687500 0.273437500
vt 0.445312500 0.273437500
vt 0.445312500 0.234375000
f 193/193 194/194 195/195 196/196
v 0.531499002 1.616182341 0.437500000
v 0.732808454 1.377161935 0.437500000
v 0.732808454 1.377161935 0.562500000
v 0.531499002 1.616182341 0.562500000
vt 0.429687500 0.281250000
vt 0.429687500 0.320312500
vt 0.445312500 0.320312500
vt 0.445312500 0.281250000
f 197/197 198/198 199/199 200/200
v 0.531499002 1.616182341 0.437500000
v 0.531499002 1.616182341 0.562500000
v 0.813543081 1.853727494 0.562500000
v 0.813543081 1.853727494 0.437500000
vt 0.398437500 0.234375000
vt 0.398437500 0.218750000
vt 0.351562500 0.218750000
vt 0.351562500 0.234375000
f 201/201 202/202 203/203 204/204
v 0.732808454 1.377161935 0.562500000
v 0.732808454 1.377161935 0.437500000
v 1.014852533 1.614707088 0.437500000
v 1.014852533 1.614707088 0.562500000
vt 0.421875000 0.242187500
vt 0.421875000 0.257812500
vt 0.375000000 0.257812500
vt 0.375000000 0.242187500
f 205/205 206/206 207/207 208/208
v 1.015606752 1.251486315 0.437500000
v 0.818323489 1.017246317 0.437500000
v 0.531499002 1.258817659 0.437500000
v 0.728782265 1.493057657 0.437500000
vt 0.250000000 0.000000000
vt 0.250000000 0.039062500
vt 0.296875000 0.039062500
vt 0.296875000 0.000000000
f 209/209 210/210 211/211 212/212
v 0.728782265 1.493057657 0.562500000
v 0.531499002 1.258817659 0.562500000
v 0.818323489 1.017246317 0.562500000
v 1.015606752 1.251486315 0.562500000
vt 0.250000000 0.046875000
vt 0.250000000 0.085937500
vt 0.296875000 0.085937500
vt 0.296875000 0.046875000
f 213/213 214/214 215/215 216/216
v 1.015606752 1.251486315 0.562500000
v 0.818323489 1.017246317 0.562500000
v 0.818323489 1.017246317 0.437500000
v 1.015606752 1.251486315 0.437500000
vt 0.437500000 0.109375000
vt 0.437500000 0.148437500
vt 0.453125000 0.148437500
vt 0.453125000 0.109375000
f 217/217 218/218 219/219 220/220
v 0.728782265 1.493057657 0.437500000
v 0.531499002 1.258817659 0.437500000
v 0.531499002 1.258817659 0.562500000
v 0.728782265 1.493057657 0.562500000
vt 0.187500000 0.437500000
vt 0.187500000 0.476562500
vt 0.203125000 0.476562500
vt 0.203125000 0.437500000
f 221/221 222/222 223/223 224/224
v 0.728782265 1.493057657 0.437500000
v 0.728782265 1.493057657 0.562500000
v 1.015606752 1.251486315 0.562500000
v 1.015606752 1.251486315 0.437500000
vt 0.421875000 0.281250000
vt 0.421875000 0.265625000
vt 0.375000000 0.265625000
vt 0.375000000 0.281250000
f 225/225 226/226 227/227 228/228
v 0.531499002 1.258817659 0.562500000
v 0.531499002 1.258817659 0.437500000
v 0.818323489 1.017246317 0.437500000
v 0.818323489 1.017246317 0.562500000
vt 0.421875000 0.289062500
vt 0.421875000 0.304687500
vt 0.375000000 0.304687500
vt 0.375000000 0.289062500
f 229/229 230/230 231/231 232/232
v 0.890248334 1.960149154 0.453125000
v 1.146559588 1.781373341 0.453125000
v 1.003538937 1.576324338 0.453125000
v 0.747227684 1.755100152 0.453125000
vt 0.304687500 0.054687500
vt 0.304687500 0.093750000
vt 0.335937500 0.093750000
vt 0.335937500 0.054687500
f 233/233 234/234 235/235 236/236
v 0.747227684 1.755100152 0.546875000
v 1.003538937 1.576324338 0.546875000
v 1.146559588 1.781373341 0.546875000
v 0.890248334 1.960149154 0.546875000
vt 0.039062500 0.312500000
vt 0.039062500 0.351562500
vt 0.070312500 0.351562500
vt 0.070312500 0.312500000
f 237/237 238/238 239/239 240/240
v 0.890248334 1.960149154 0.546875000
v 1.146559588 1.781373341 0.546875000
v 1.146559588 1.781373341 0.453125000
v 0.890248334 1.960149154 0.453125000
vt 0.125000000 0.484375000
vt 0.125000000 0.523437500
vt 0.136718750 0.523437500
vt 0.136718750 0.484375000
f 241/241 242/242 243/243 244/244
v 0.747227684 1.755100152 0.453125000
v 1.003538937 1.576324338 0.453125000
v 1.003538937 1.576324338 0.546875000
v 0.747227684 1.755100152 0.546875000
vt 0.148437500 0.484375000
vt 0.148437500 0.523437500
vt 0.160156250 0.523437500
vt 0.160156250 0.484375000
f 245/245 246/246 247/247 248/248
v 0.747227684 1.755100152 0.453125000
v 0.747227684 1.755100152 0.546875000
v 0.890248334 1.960149154 0.546875000
v 0.890248334 1.960149154 0.453125000
vt 0.531250000 0.152343750
vt 0.531250000 0.140625000
vt 0.500000000 0.140625000
vt 0.500000000 0.152343750
f 249/249 250/250 251/251 252/252
v 1.003538937 1.576324338 0.546875000
v 1.003538937 1.576324338 0.453125000
v 1.146559588 1.781373341 0.453125000
v 1.146559588 1.781373341 0.546875000
vt 0.531250000 0.164062500
vt 0.531250000 0.175781250
vt 0.500000000 0.175781250
vt 0.500000000 0.164062500
f 253/253 254/254 255/255 256/256
v 1.146559588 1.093626659 0.453125000
v 0.890248334 0.914850846 0.453125000
v 0.747227684 1.119899848 0.453125000
v 1.003538937 1.298675662 0.453125000
vt 0.312500000 0.101562500
vt 0.312500000 0.140625000
vt 0.343750000 0.140625000
vt 0.343750000 0.101562500
f 257/257 258/258 259/259 260/260
v 1.003538937 1.298675662 0.546875000
v 0.747227684 1.119899848 0.546875000
v 0.890248334 0.914850846 0.546875000
v 1.146559588 1.093626659 0.546875000
vt 0.312500000 0.148437500
vt 0.312500000 0.187500000
vt 0.343750000 0.187500000
vt 0.343750000 0.148437500
f 261/261 262/262 263/263 264/264
v 1.146559588 1.093626659 0.546875000
v 0.890248334 0.914850846 0.546875000
v 0.890248334 0.914850846 0.453125000
v 1.146559588 1.093626659 0.453125000
vt 0.171875000 0.484375000
vt 0.171875000 0.523437500
vt 0.183593750 0.523437500
vt 0.183593750 0.484375000
f 265/265 266/266 267/267 268/268
v 1.003538937 1.298675662 0.453125000
v 0.747227684 1.119899848 0.453125000
v 0.747227684 1.119899848 0.546875000
v 1.003538937 1.298675662 0.546875000
vt 0.484375000 0.218750000
vt 0.484375000 0.257812500
vt 0.496093750 0.257812500
vt 0.496093750 0.218750000
f 269/269 270/270 271/271 272/272
v 1.003538937 1.298675662 0.453125000
v 1.003538937 1.298675662 0.546875000
v 1.146559588 1.093626659 0.546875000
v 1.146559588 1.093626659 0.453125000
vt 0.539062500 0.011718750
vt 0.539062500 0.000000000
vt 0.507812500 0.000000000
vt 0.507812500 0.011718750
f 273/273 274/274 275/275 276/276
v 0.747227684 1.119899848 0.546875000
v 0.747227684 1.119899848 0.453125000
v 0.890248334 0.914850846 0.453125000
v 0.890248334 0.914850846 0.546875000
vt 0.539062500 0.023437500
vt 0.539062500 0.035156250
vt 0.507812500 0.035156250
vt 0.507812500 0.023437500
f 277/277 278/278 279/279 280/280
v 0.899077030 2.023664137 0.468201250
v 1.085016418 1.999523011 0.468201250
v 1.060875292 1.813583623 0.468201250
v 0.874935904 1.837724749 0.468201250
vt 0.437500000 0.375000000
vt 0.437500000 0.398437500
vt 0.460937500 0.398437500
vt 0.460937500 0.375000000
f 281/281 282/282 283/283 284/284
v 0.874935904 1.837724749 0.530701250
v 1.060875292 1.813583623 0.530701250
v 1.085016418 1.999523011 0.530701250
v 0.899077030 2.023664137 0.530701250
vt 0.445312500 0.000000000
vt 0.445312500 0.023437500
vt 0.468750000 0.023437500
vt 0.468750000 0.000000000
f 285/285 286/286 287/287 288/288
v 0.899077030 2.023664137 0.530701250
v 1.085016418 1.999523011 0.530701250
v 1.085016418 1.999523011 0.468201250
v 0.899077030 2.023664137 0.468201250
vt 0.054687500 0.421875000
vt 0.054687500 0.445312500
vt 0.062500000 0.445312500
vt 0.062500000 0.421875000
f 289/289 290/290 291/291 292/292
v 0.874935904 1.837724749 0.468201250
v 1.060875292 1.813583623 0.468201250
v 1.060875292 1.813583623 0.530701250
v 0.874935904 1.837724749 0.530701250
vt 0.195312500 0.546875000
vt 0.195312500 0.570312500
vt 0.203125000 0.570312500
vt 0.203125000 0.546875000
f 293/293 294/294 295/295 296/296
v 0.874935904 1.837724749 0.468201250
v 0.874935904 1.837724749 0.530701250
v 0.899077030 2.023664137 0.530701250
v 0.899077030 2.023664137 0.468201250
vt 0.523437500 0.382812500
vt 0.523437500 0.375000000
vt 0.500000000 0.375000000
vt 0.500000000 0.382812500
f 297/297 298/298 299/299 300/300
v 1.060875292 1.813583623 0.530701250
v 1.060875292 1.813583623 0.468201250
v 1.085016418 1.999523011 0.468201250
v 1.085016418 1.999523011 0.530701250
vt 0.023437500 0.515625000
vt 0.023437500 0.523437500
vt 0.000000000 0.523437500
vt 0.000000000 0.515625000
f 301/301 302/302 303/303 304/304
v 1.085016418 0.875476989 0.468201250
v 0.899077030 0.851335863 0.468201250
v 0.874935904 1.037275251 0.468201250
v 1.060875292 1.061416377 0.468201250
vt 0.445312500 0.031250000
vt 0.445312500 0.054687500
vt 0.468750000 0.054687500
vt 0.468750000 0.031250000
f 305/305 306/306 307/307 308/308
v 1.060875292 1.061416377 0.530701250
v 0.874935904 1.037275251 0.530701250
v 0.899077030 0.851335863 0.530701250
v 1.085016418 0.875476989 0.530701250
vt 0.445312500 0.062500000
vt 0.445312500 0.085937500
vt 0.468750000 0.085937500
vt 0.468750000 0.062500000
f 309/309 310/310 311/311 312/312
v 1.085016418 0.875476989 0.530701250
v 0.899077030 0.851335863 0.530701250
v 0.899077030 0.851335863 0.468201250
v 1.085016418 0.875476989 0.468201250
vt 0.546875000 0.226562500
vt 0.546875000 0.250000000
vt 0.554687500 0.250000000
vt 0.554687500 0.226562500
f 313/313 314/314 315/315 316/316
v 1.060875292 1.061416377 0.468201250
v 0.874935904 1.037275251 0.468201250
v 0.874935904 1.037275251 0.530701250
v 1.060875292 1.061416377 0.530701250
vt 0.546875000 0.257812500
vt 0.546875000 0.281250000
vt 0.554687500 0.281250000
vt 0.554687500 0.257812500
f 317/317 318/318 319/319 320/320
v 1.060875292 1.061416377 0.468201250
v 1.060875292 1.061416377 0.530701250
v 1.085016418 0.875476989 0.530701250
v 1.085016418 0.875476989 0.468201250
vt 0.570312500 0.039062500
vt 0.570312500 0.031250000
vt 0.546875000 0.031250000
vt 0.546875000 0.039062500
f 321/321 322/322 323/323 324/324
v 0.874935904 1.037275251 0.530701250
v 0.874935904 1.037275251 0.468201250
v 0.899077030 0.851335863 0.468201250
v 0.899077030 0.851335863 0.530701250
vt 0.570312500 0.289062500
vt 0.570312500 0.296875000
vt 0.546875000 0.296875000
vt 0.546875000 0.289062500
f 325/325 326/326 327/327 328/328
v 0.868735556 2.077449532 0.484375000
v 0.976878740 2.140139657 0.484375000
v 1.070913928 1.977924882 0.484375000
v 0.962770745 1.915234756 0.484375000
vt 0.437500000 0.156250000
vt 0.437500000 0.171875000
vt 0.460937500 0.171875000
vt 0.460937500 0.156250000
f 329/329 330/330 331/331 332/332
v 0.962770745 1.915234756 0.515625000
v 1.070913928 1.977924882 0.515625000
v 0.976878740 2.140139657 0.515625000
v 0.868735556 2.077449532 0.515625000
vt 0.507812500 0.046875000
vt 0.507812500 0.062500000
vt 0.531250000 0.062500000
vt 0.531250000 0.046875000
f 333/333 334/334 335/335 336/336
v 0.868735556 2.077449532 0.515625000
v 0.976878740 2.140139657 0.515625000
v 0.976878740 2.140139657 0.484375000
v 0.868735556 2.077449532 0.484375000
vt 0.609375000 0.281250000
vt 0.609375000 0.296875000
vt 0.613281250 0.296875000
vt 0.613281250 0.281250000
f 337/337 338/338 339/339 340/340
v 0.962770745 1.915234756 0.484375000
v 1.070913928 1.977924882 0.484375000
v 1.070913928 1.977924882 0.515625000
v 0.962770745 1.915234756 0.515625000
vt 0.304687500 0.609375000
vt 0.304687500 0.625000000
vt 0.308593750 0.625000000
vt 0.308593750 0.609375000
f 341/341 342/342 343/343 344/344
v 0.962770745 1.915234756 0.484375000
v 0.962770745 1.915234756 0.515625000
v 0.868735556 2.077449532 0.515625000
v 0.868735556 2.077449532 0.484375000
vt 0.593750000 0.355468750
vt 0.593750000 0.351562500
vt 0.570312500 0.351562500
vt 0.570312500 0.355468750
f 345/345 346/346 347/347 348/348
v 1.070913928 1.977924882 0.515625000
v 1.070913928 1.977924882 0.484375000
v 0.976878740 2.140139657 0.484375000
v 0.976878740 2.140139657 0.515625000
vt 0.593750000 0.421875000
vt 0.593750000 0.425781250
vt 0.570312500 0.425781250
vt 0.570312500 0.421875000
f 349/349 350/350 351/351 352/352
v 0.976878740 0.734860343 0.484375000
v 0.868735556 0.797550468 0.484375000
v 0.962770745 0.959765244 0.484375000
v 1.070913928 0.897075118 0.484375000
vt 0.507812500 0.070312500
vt 0.507812500 0.085937500
vt 0.531250000 0.085937500
vt 0.531250000 0.070312500
f 353/353 354/354 355/355 356/356
v 1.070913928 0.897075118 0.515625000
v 0.962770745 0.959765244 0.515625000
v 0.868735556 0.797550468 0.515625000
v 0.976878740 0.734860343 0.515625000
vt 0.507812500 0.187500000
vt 0.507812500 0.203125000
vt 0.531250000 0.203125000
vt 0.531250000 0.187500000
f 357/357 358/358 359/359 360/360
v 0.976878740 0.734860343 0.515625000
v 0.868735556 0.797550468 0.515625000
v 0.868735556 0.797550468 0.484375000
v 0.976878740 0.734860343 0.484375000
vt 0.609375000 0.304687500
vt 0.609375000 0.320312500
vt 0.613281250 0.320312500
vt 0.613281250 0.304687500
f 361/361 362/362 363/363 364/364
v 1.070913928 0.897075118 0.484375000
v 0.962770745 0.959765244 0.484375000
v 0.962770745 0.959765244 0.515625000
v 1.070913928 0.897075118 0.515625000
vt 0.320312500 0.609375000
vt 0.320312500 0.625000000
vt 0.324218750 0.625000000
vt 0.324218750 0.609375000
f 365/365 366/366 367/367 368/368
v 1.070913928 0.897075118 0.484375000
v 1.070913928 0.897075118 0.515625000
v 0.976878740 0.734860343 0.515625000
v 0.976878740 0.734860343 0.484375000
vt 0.601562500 0.175781250
vt 0.601562500 0.171875000
vt 0.578125000 0.171875000
vt 0.578125000 0.175781250
f 369/369 370/370 371/371 372/372
v 0.962770745 0.959765244 0.515625000
v 0.962770745 0.959765244 0.484375000
v 0.868735556 0.797550468 0.484375000
v 0.868735556 0.797550468 0.515625000
vt 0.601562500 0.187500000
vt 0.601562500 0.191406250
vt 0.578125000 0.191406250
vt 0.578125000 0.187500000
f 373/373 374/374 375/375 376/376
v 1.147082278 1.783077205 0.453125000
v 1.226632769 1.613289192 0.453125000
v 1.000248750 1.507221872 0.453125000
v 0.920698260 1.677009885 0.453125000
vt 0.031250000 0.359375000
vt 0.031250000 0.382812500
vt 0.062500000 0.382812500
vt 0.062500000 0.359375000
f 377/377 378/378 379/379 380/380
v 0.920698260 1.677009885 0.546875000
v 1.000248750 1.507221872 0.546875000
v 1.226632769 1.613289192 0.546875000
v 1.147082278 1.783077205 0.546875000
vt 0.187500000 0.375000000
vt 0.187500000 0.398437500
vt 0.218750000 0.398437500
vt 0.218750000 0.375000000
f 381/381 382/382 383/383 384/384
v 1.147082278 1.783077205 0.546875000
v 1.226632769 1.613289192 0.546875000
v 1.226632769 1.613289192 0.453125000
v 1.147082278 1.783077205 0.453125000
vt 0.531250000 0.375000000
vt 0.531250000 0.398437500
vt 0.542968750 0.398437500
vt 0.542968750 0.375000000
f 385/385 386/386 387/387 388/388
v 0.920698260 1.677009885 0.453125000
v 1.000248750 1.507221872 0.453125000
v 1.000248750 1.507221872 0.546875000
v 0.920698260 1.677009885 0.546875000
vt 0.390625000 0.531250000
vt 0.390625000 0.554687500
vt 0.402343750 0.554687500
vt 0.402343750 0.531250000
f 389/389 390/390 391/391 392/392
v 0.920698260 1.677009885 0.453125000
v 0.920698260 1.677009885 0.546875000
v 1.147082278 1.783077205 0.546875000
v 1.147082278 1.783077205 0.453125000
vt 0.242187500 0.519531250
vt 0.242187500 0.507812500
vt 0.210937500 0.507812500
vt 0.210937500 0.519531250
f 393/393 394/394 395/395 396/396
v 1.000248750 1.507221872 0.546875000
v 1.000248750 1.507221872 0.453125000
v 1.226632769 1.613289192 0.453125000
v 1.226632769 1.613289192 0.546875000
vt 0.539062500 0.210937500
vt 0.539062500 0.222656250
vt 0.507812500 0.222656250
vt 0.507812500 0.210937500
f 397/397 398/398 399/399 400/400
v 1.226632769 1.261710808 0.453125000
v 1.147082278 1.091922795 0.453125000
v 0.920698260 1.197990115 0.453125000
v 1.000248750 1.367778128 0.453125000
vt 0.382812500 0.000000000
vt 0.382812500 0.023437500
vt 0.414062500 0.023437500
vt 0.414062500 0.000000000
f 401/401 402/402 403/403 404/404
v 1.000248750 1.367778128 0.546875000
v 0.920698260 1.197990115 0.546875000
v 1.147082278 1.091922795 0.546875000
v 1.226632769 1.261710808 0.546875000
vt 0.382812500 0.031250000
vt 0.382812500 0.054687500
vt 0.414062500 0.054687500
vt 0.414062500 0.031250000
f 405/405 406/406 407/407 408/408
v 1.226632769 1.261710808 0.546875000
v 1.147082278 1.091922795 0.546875000
v 1.147082278 1.091922795 0.453125000
v 1.226632769 1.261710808 0.453125000
vt 0.531250000 0.406250000
vt 0.531250000 0.429687500
vt 0.542968750 0.429687500
vt 0.542968750 0.406250000
f 409/409 410/410 411/411 412/412
v 1.000248750 1.367778128 0.453125000
v 0.920698260 1.197990115 0.453125000
v 0.920698260 1.197990115 0.546875000
v 1.000248750 1.367778128 0.546875000
vt 0.414062500 0.531250000
vt 0.414062500 0.554687500
vt 0.425781250 0.554687500
vt 0.425781250 0.531250000
f 413/413 414/414 415/415 416/416
v 1.000248750 1.367778128 0.453125000
v 1.000248750 1.367778128 0.546875000
v 1.226632769 1.261710808 0.546875000
v 1.226632769 1.261710808 0.453125000
vt 0.539062500 0.246093750
vt 0.539062500 0.234375000
vt 0.507812500 0.234375000
vt 0.507812500 0.246093750
f 417/417 418/418 419/419 420/420
v 0.920698260 1.197990115 0.546875000
v 0.920698260 1.197990115 0.453125000
v 1.147082278 1.091922795 0.453125000
v 1.147082278 1.091922795 0.546875000
vt 0.539062500 0.257812500
vt 0.539062500 0.269531250
vt 0.507812500 0.269531250
vt 0.507812500 0.257812500
f 421/421 422/422 423/423 424/424
v 1.085047026 2.000617225 0.468201250
v 1.243362860 1.900156554 0.468201250
v 1.109415298 1.689068774 0.468201250
v 0.951099463 1.789529446 0.468201250
vt 0.382812500 0.062500000
vt 0.382812500 0.085937500
vt 0.414062500 0.085937500
vt 0.414062500 0.062500000
f 425/425 426/426 427/427 428/428
v 0.951099463 1.789529446 0.530701250
v 1.109415298 1.689068774 0.530701250
v 1.243362860 1.900156554 0.530701250
v 1.085047026 2.000617225 0.530701250
vt 0.070312500 0.382812500
vt 0.070312500 0.406250000
vt 0.101562500 0.406250000
vt 0.101562500 0.382812500
f 429/429 430/430 431/431 432/432
v 1.085047026 2.000617225 0.530701250
v 1.243362860 1.900156554 0.530701250
v 1.243362860 1.900156554 0.468201250
v 1.085047026 2.000617225 0.468201250
vt 0.000000000 0.554687500
vt 0.000000000 0.578125000
vt 0.007812500 0.578125000
vt 0.007812500 0.554687500
f 433/433 434/434 435/435 436/436
v 0.951099463 1.789529446 0.468201250
v 1.109415298 1.689068774 0.468201250
v 1.109415298 1.689068774 0.530701250
v 0.951099463 1.789529446 0.530701250
vt 0.015625000 0.554687500
vt 0.015625000 0.578125000
vt 0.023437500 0.578125000
vt 0.023437500 0.554687500
f 437/437 438/438 439/439 440/440
v 0.951099463 1.789529446 0.468201250
v 0.951099463 1.789529446 0.530701250
v 1.085047026 2.000617225 0.530701250
v 1.085047026 2.000617225 0.468201250
vt 0.570312500 0.085937500
vt 0.570312500 0.078125000
vt 0.539062500 0.078125000
vt 0.539062500 0.085937500
f 441/441 442/442 443/443 444/444
v 1.109415298 1.689068774 0.530701250
v 1.109415298 1.689068774 0.468201250
v 1.243362860 1.900156554 0.468201250
v 1.243362860 1.900156554 0.530701250
vt 0.570312500 0.093750000
vt 0.570312500 0.101562500
vt 0.539062500 0.101562500
vt 0.539062500 0.093750000
f 445/445 446/446 447/447 448/448
v 1.243479167 1.900317628 0.468201250
v 1.400212975 1.629964593 0.468201250
v 1.183930546 1.504577547 0.468201250
v 1.027196739 1.774930582 0.468201250
vt 0.312500000 0.195312500
vt 0.312500000 0.234375000
vt 0.343750000 0.234375000
vt 0.343750000 0.195312500
f 449/449 450/450 451/451 452/452
v 1.027196739 1.774930582 0.530701250
v 1.183930546 1.504577547 0.530701250
v 1.400212975 1.629964593 0.530701250
v 1.243479167 1.900317628 0.530701250
vt 0.187500000 0.328125000
vt 0.187500000 0.367187500
vt 0.218750000 0.367187500
vt 0.218750000 0.328125000
f 453/453 454/454 455/455 456/456
v 1.243479167 1.900317628 0.530701250
v 1.400212975 1.629964593 0.530701250
v 1.400212975 1.629964593 0.468201250
v 1.243479167 1.900317628 0.468201250
vt 0.187500000 0.281250000
vt 0.187500000 0.320312500
vt 0.195312500 0.320312500
vt 0.195312500 0.281250000
f 457/457 458/458 459/459 460/460
v 1.027196739 1.774930582 0.468201250
v 1.183930546 1.504577547 0.468201250
v 1.183930546 1.504577547 0.530701250
v 1.027196739 1.774930582 0.530701250
vt 0.460937500 0.507812500
vt 0.460937500 0.546875000
vt 0.468750000 0.546875000
vt 0.468750000 0.507812500
f 461/461 462/462 463/463 464/464
v 1.027196739 1.774930582 0.468201250
v 1.027196739 1.774930582 0.530701250
v 1.243479167 1.900317628 0.530701250
v 1.243479167 1.900317628 0.468201250
vt 0.570312500 0.117187500
vt 0.570312500 0.109375000
vt 0.539062500 0.109375000
vt 0.539062500 0.117187500
f 465/465 466/466 467/467 468/468
v 1.183930546 1.504577547 0.530701250
v 1.183930546 1.504577547 0.468201250
v 1.400212975 1.629964593 0.468201250
v 1.400212975 1.629964593 0.530701250
vt 0.570312500 0.125000000
vt 0.570312500 0.132812500
vt 0.539062500 0.132812500
vt 0.539062500 0.125000000
f 469/469 470/470 471/471 472/472
v 1.243362860 0.974843446 0.468201250
v 1.085047026 0.874382775 0.468201250
v 0.951099463 1.085470554 0.468201250
v 1.109415298 1.185931226 0.468201250
vt 0.382812500 0.093750000
vt 0.382812500 0.117187500
vt 0.414062500 0.117187500
vt 0.414062500 0.093750000
f 473/473 474/474 475/475 476/476
v 1.109415298 1.185931226 0.530701250
v 0.951099463 1.085470554 0.530701250
v 1.085047026 0.874382775 0.530701250
v 1.243362860 0.974843446 0.530701250
vt 0.109375000 0.382812500
vt 0.109375000 0.406250000
vt 0.140625000 0.406250000
vt 0.140625000 0.382812500
f 477/477 478/478 479/479 480/480
v 1.243362860 0.974843446 0.530701250
v 1.085047026 0.874382775 0.530701250
v 1.085047026 0.874382775 0.468201250
v 1.243362860 0.974843446 0.468201250
vt 0.242187500 0.554687500
vt 0.242187500 0.578125000
vt 0.250000000 0.578125000
vt 0.250000000 0.554687500
f 481/481 482/482 483/483 484/484
v 1.109415298 1.185931226 0.468201250
v 0.951099463 1.085470554 0.468201250
v 0.951099463 1.085470554 0.530701250
v 1.109415298 1.185931226 0.530701250
vt 0.257812500 0.554687500
vt 0.257812500 0.578125000
vt 0.265625000 0.578125000
vt 0.265625000 0.554687500
f 485/485 486/486 487/487 488/488
v 1.109415298 1.185931226 0.468201250
v 1.109415298 1.185931226 0.530701250
v 1.243362860 0.974843446 0.530701250
v 1.243362860 0.974843446 0.468201250
vt 0.570312500 0.148437500
vt 0.570312500 0.140625000
vt 0.539062500 0.140625000
vt 0.539062500 0.148437500
f 489/489 490/490 491/491 492/492
v 0.951099463 1.085470554 0.530701250
v 0.951099463 1.085470554 0.468201250
v 1.085047026 0.874382775 0.468201250
v 1.085047026 0.874382775 0.530701250
vt 0.570312500 0.156250000
vt 0.570312500 0.164062500
vt 0.539062500 0.164062500
vt 0.539062500 0.156250000
f 493/493 494/494 495/495 496/496
v 1.400212975 1.245035407 0.468201250
v 1.243479167 0.974682372 0.468201250
v 1.027196739 1.100069418 0.468201250
v 1.183930546 1.370422453 0.468201250
vt 0.078125000 0.335937500
vt 0.078125000 0.375000000
vt 0.109375000 0.375000000
vt 0.109375000 0.335937500
f 497/497 498/498 499/499 500/500
v 1.183930546 1.370422453 0.530701250
v 1.027196739 1.100069418 0.530701250
v 1.243479167 0.974682372 0.530701250
v 1.400212975 1.245035407 0.530701250
vt 0.117187500 0.335937500
vt 0.117187500 0.375000000
vt 0.148437500 0.375000000
vt 0.148437500 0.335937500
f 501/501 502/502 503/503 504/504
v 1.400212975 1.245035407 0.530701250
v 1.243479167 0.974682372 0.530701250
v 1.243479167 0.974682372 0.468201250
v 1.400212975 1.245035407 0.468201250
vt 0.039062500 0.531250000
vt 0.039062500 0.570312500
vt 0.046875000 0.570312500
vt 0.046875000 0.531250000
f 505/505 506/506 507/507 508/508
v 1.183930546 1.370422453 0.468201250
v 1.027196739 1.100069418 0.468201250
v 1.027196739 1.100069418 0.530701250
v 1.183930546 1.370422453 0.530701250
vt 0.210937500 0.531250000
vt 0.210937500 0.570312500
vt 0.218750000 0.570312500
vt 0.218750000 0.531250000
f 509/509 510/510 511/511 512/512
v 1.183930546 1.370422453 0.468201250
v 1.183930546 1.370422453 0.530701250
v 1.400212975 1.245035407 0.530701250
v 1.400212975 1.245035407 0.468201250
vt 0.570312500 0.179687500
vt 0.570312500 0.171875000
vt 0.539062500 0.171875000
vt 0.539062500 0.179687500
f 513/513 514/514 515/515 516/516
v 1.027196739 1.100069418 0.530701250
v 1.027196739 1.100069418 0.468201250
v 1.243479167 0.974682372 0.468201250
v 1.243479167 0.974682372 0.530701250
vt 0.570312500 0.187500000
vt 0.570312500 0.195312500
vt 0.539062500 0.195312500
vt 0.539062500 0.187500000
f 517/517 518/518 519/519 520/520
v 0.978224220 2.137813824 0.484375000
v 1.155615945 2.077081413 0.484375000
v 1.094883535 1.899689688 0.484375000
v 0.917491809 1.960422098 0.484375000
vt 0.445312500 0.203125000
vt 0.445312500 0.226562500
vt 0.468750000 0.226562500
vt 0.468750000 0.203125000
f 521/521 522/522 523/523 524/524
v 0.917491809 1.960422098 0.515625000
v 1.094883535 1.899689688 0.515625000
v 1.155615945 2.077081413 0.515625000
v 0.978224220 2.137813824 0.515625000
vt 0.210937500 0.445312500
vt 0.210937500 0.468750000
vt 0.234375000 0.468750000
vt 0.234375000 0.445312500
f 525/525 526/526 527/527 528/528
v 0.978224220 2.137813824 0.515625000
v 1.155615945 2.077081413 0.515625000
v 1.155615945 2.077081413 0.484375000
v 0.978224220 2.137813824 0.484375000
vt 0.304687500 0.578125000
vt 0.304687500 0.601562500
vt 0.308593750 0.601562500
vt 0.308593750 0.578125000
f 529/529 530/530 531/531 532/532
v 0.917491809 1.960422098 0.484375000
v 1.094883535 1.899689688 0.484375000
v 1.094883535 1.899689688 0.515625000
v 0.917491809 1.960422098 0.515625000
vt 0.320312500 0.578125000
vt 0.320312500 0.601562500
vt 0.324218750 0.601562500
vt 0.324218750 0.578125000
f 533/533 534/534 535/535 536/536
v 0.917491809 1.960422098 0.484375000
v 0.917491809 1.960422098 0.515625000
v 0.978224220 2.137813824 0.515625000
v 0.978224220 2.137813824 0.484375000
vt 0.601562500 0.292968750
vt 0.601562500 0.289062500
vt 0.578125000 0.289062500
vt 0.578125000 0.292968750
f 537/537 538/538 539/539 540/540
v 1.094883535 1.899689688 0.515625000
v 1.094883535 1.899689688 0.484375000
v 1.155615945 2.077081413 0.484375000
v 1.155615945 2.077081413 0.515625000
vt 0.359375000 0.578125000
vt 0.359375000 0.582031250
vt 0.335937500 0.582031250
vt 0.335937500 0.578125000
f 541/541 542/542 543/543 544/544
v 1.156366257 2.077172496 0.484375000
v 1.302288245 1.959431154 0.484375000
v 1.184546903 1.813509166 0.484375000
v 1.038624915 1.931250508 0.484375000
vt 0.242187500 0.445312500
vt 0.242187500 0.468750000
vt 0.265625000 0.468750000
vt 0.265625000 0.445312500
f 545/545 546/546 547/547 548/548
v 1.038624915 1.931250508 0.515625000
v 1.184546903 1.813509166 0.515625000
v 1.302288245 1.959431154 0.515625000
v 1.156366257 2.077172496 0.515625000
vt 0.351562500 0.445312500
vt 0.351562500 0.468750000
vt 0.375000000 0.468750000
vt 0.375000000 0.445312500
f 549/549 550/550 551/551 552/552
v 1.156366257 2.077172496 0.515625000
v 1.302288245 1.959431154 0.515625000
v 1.302288245 1.959431154 0.484375000
v 1.156366257 2.077172496 0.484375000
vt 0.367187500 0.578125000
vt 0.367187500 0.601562500
vt 0.371093750 0.601562500
vt 0.371093750 0.578125000
f 553/553 554/554 555/555 556/556
v 1.038624915 1.931250508 0.484375000
v 1.184546903 1.813509166 0.484375000
v 1.184546903 1.813509166 0.515625000
v 1.038624915 1.931250508 0.515625000
vt 0.382812500 0.578125000
vt 0.382812500 0.601562500
vt 0.386718750 0.601562500
vt 0.386718750 0.578125000
f 557/557 558/558 559/559 560/560
v 1.038624915 1.931250508 0.484375000
v 1.038624915 1.931250508 0.515625000
v 1.156366257 2.077172496 0.515625000
v 1.156366257 2.077172496 0.484375000
vt 0.421875000 0.582031250
vt 0.421875000 0.578125000
vt 0.398437500 0.578125000
vt 0.398437500 0.582031250
f 561/561 562/562 563/563 564/564
v 1.184546903 1.813509166 0.515625000
v 1.184546903 1.813509166 0.484375000
v 1.302288245 1.959431154 0.484375000
v 1.302288245 1.959431154 0.515625000
vt 0.601562500 0.437500000
vt 0.601562500 0.441406250
vt 0.578125000 0.441406250
vt 0.578125000 0.437500000
f 565/565 566/566 567/567 568/568
v 1.303139280 1.958596167 0.484375000
v 1.441489639 1.750367499 0.484375000
v 1.285318138 1.646604730 0.484375000
v 1.146967779 1.854833398 0.484375000
vt 0.382812500 0.125000000
vt 0.382812500 0.156250000
vt 0.406250000 0.156250000
vt 0.406250000 0.125000000
f 569/569 570/570 571/571 572/572
v 1.146967779 1.854833398 0.515625000
v 1.285318138 1.646604730 0.515625000
v 1.441489639 1.750367499 0.515625000
v 1.303139280 1.958596167 0.515625000
vt 0.382812500 0.164062500
vt 0.382812500 0.195312500
vt 0.406250000 0.195312500
vt 0.406250000 0.164062500
f 573/573 574/574 575/575 576/576
v 1.303139280 1.958596167 0.515625000
v 1.441489639 1.750367499 0.515625000
v 1.441489639 1.750367499 0.484375000
v 1.303139280 1.958596167 0.484375000
vt 0.140625000 0.578125000
vt 0.140625000 0.609375000
vt 0.144531250 0.609375000
vt 0.144531250 0.578125000
f 577/577 578/578 579/579 580/580
v 1.146967779 1.854833398 0.484375000
v 1.285318138 1.646604730 0.484375000
v 1.285318138 1.646604730 0.515625000
v 1.146967779 1.854833398 0.515625000
vt 0.156250000 0.578125000
vt 0.156250000 0.609375000
vt 0.160156250 0.609375000
vt 0.160156250 0.578125000
f 581/581 582/582 583/583 584/584
v 1.146967779 1.854833398 0.484375000
v 1.146967779 1.854833398 0.515625000
v 1.303139280 1.958596167 0.515625000
v 1.303139280 1.958596167 0.484375000
vt 0.601562500 0.457031250
vt 0.601562500 0.453125000
vt 0.578125000 0.453125000
vt 0.578125000 0.457031250
f 585/585 586/586 587/587 588/588
v 1.285318138 1.646604730 0.515625000
v 1.285318138 1.646604730 0.484375000
v 1.441489639 1.750367499 0.484375000
v 1.441489639 1.750367499 0.515625000
vt 0.601562500 0.468750000
vt 0.601562500 0.472656250
vt 0.578125000 0.472656250
vt 0.578125000 0.468750000
f 589/589 590/590 591/591 592/592
v 1.441326450 1.748812630 0.484375000
v 1.477426502 1.564820684 0.484375000
v 1.293434556 1.528720632 0.484375000
v 1.257334504 1.712712578 0.484375000
vt 0.382812500 0.445312500
vt 0.382812500 0.468750000
vt 0.406250000 0.468750000
vt 0.406250000 0.445312500
f 593/593 594/594 595/595 596/596
v 1.257334504 1.712712578 0.515625000
v 1.293434556 1.528720632 0.515625000
v 1.477426502 1.564820684 0.515625000
v 1.441326450 1.748812630 0.515625000
vt 0.414062500 0.445312500
vt 0.414062500 0.468750000
vt 0.437500000 0.468750000
vt 0.437500000 0.445312500
f 597/597 598/598 599/599 600/600
v 1.441326450 1.748812630 0.515625000
v 1.477426502 1.564820684 0.515625000
v 1.477426502 1.564820684 0.484375000
v 1.441326450 1.748812630 0.484375000
vt 0.429687500 0.578125000
vt 0.429687500 0.601562500
vt 0.433593750 0.601562500
vt 0.433593750 0.578125000
f 601/601 602/602 603/603 604/604
v 1.257334504 1.712712578 0.484375000
v 1.293434556 1.528720632 0.484375000
v 1.293434556 1.528720632 0.515625000
v 1.257334504 1.712712578 0.515625000
vt 0.476562500 0.578125000
vt 0.476562500 0.601562500
vt 0.480468750 0.601562500
vt 0.480468750 0.578125000
f 605/605 606/606 607/607 608/608
v 1.257334504 1.712712578 0.484375000
v 1.257334504 1.712712578 0.515625000
v 1.441326450 1.748812630 0.515625000
v 1.441326450 1.748812630 0.484375000
vt 0.601562500 0.488281250
vt 0.601562500 0.484375000
vt 0.578125000 0.484375000
vt 0.578125000 0.488281250
f 609/609 610/610 611/611 612/612
v 1.293434556 1.528720632 0.515625000
v 1.293434556 1.528720632 0.484375000
v 1.477426502 1.564820684 0.484375000
v 1.477426502 1.564820684 0.515625000
vt 0.515625000 0.578125000
vt 0.515625000 0.582031250
vt 0.492187500 0.582031250
vt 0.492187500 0.578125000
f 613/613 614/614 615/615 616/616
v 1.155615945 0.797918587 0.484375000
v 0.978224220 0.737186176 0.484375000
v 0.917491809 0.914577902 0.484375000
v 1.094883535 0.975310312 0.484375000
vt 0.445312500 0.445312500
vt 0.445312500 0.468750000
vt 0.468750000 0.468750000
vt 0.468750000 0.445312500
f 617/617 618/618 619/619 620/620
v 1.094883535 0.975310312 0.515625000
v 0.917491809 0.914577902 0.515625000
v 0.978224220 0.737186176 0.515625000
v 1.155615945 0.797918587 0.515625000
vt 0.000000000 0.453125000
vt 0.000000000 0.476562500
vt 0.023437500 0.476562500
vt 0.023437500 0.453125000
f 621/621 622/622 623/623 624/624
v 1.155615945 0.797918587 0.515625000
v 0.978224220 0.737186176 0.515625000
v 0.978224220 0.737186176 0.484375000
v 1.155615945 0.797918587 0.484375000
vt 0.578125000 0.500000000
vt 0.578125000 0.523437500
vt 0.582031250 0.523437500
vt 0.582031250 0.500000000
f 625/625 626/626 627/627 628/628
v 1.094883535 0.975310312 0.484375000
v 0.917491809 0.914577902 0.484375000
v 0.917491809 0.914577902 0.515625000
v 1.094883535 0.975310312 0.515625000
vt 0.523437500 0.578125000
vt 0.523437500 0.601562500
vt 0.527343750 0.601562500
vt 0.527343750 0.578125000
f 629/629 630/630 631/631 632/632
v 1.094883535 0.975310312 0.484375000
v 1.094883535 0.975310312 0.515625000
v 1.155615945 0.797918587 0.515625000
v 1.155615945 0.797918587 0.484375000
vt 0.562500000 0.582031250
vt 0.562500000 0.578125000
vt 0.539062500 0.578125000
vt 0.539062500 0.582031250
f 633/633 634/634 635/635 636/636
v 0.917491809 0.914577902 0.515625000
v 0.917491809 0.914577902 0.484375000
v 0.978224220 0.737186176 0.484375000
v 0.978224220 0.737186176 0.515625000
vt 0.023437500 0.585937500
vt 0.023437500 0.589843750
vt 0.000000000 0.589843750
vt 0.000000000 0.585937500
f 637/637 638/638 639/639 640/640
v 1.302288245 0.915568846 0.484375000
v 1.156366257 0.797827504 0.484375000
v 1.038624915 0.943749492 0.484375000
v 1.184546903 1.061490834 0.484375000
vt 0.054687500 0.453125000
vt 0.054687500 0.476562500
vt 0.078125000 0.476562500
vt 0.078125000 0.453125000
f 641/641 642/642 643/643 644/644
v 1.184546903 1.061490834 0.515625000
v 1.038624915 0.943749492 0.515625000
v 1.156366257 0.797827504 0.515625000
v 1.302288245 0.915568846 0.515625000
vt 0.085937500 0.453125000
vt 0.085937500 0.476562500
vt 0.109375000 0.476562500
vt 0.109375000 0.453125000
f 645/645 646/646 647/647 648/648
v 1.302288245 0.915568846 0.515625000
v 1.156366257 0.797827504 0.515625000
v 1.156366257 0.797827504 0.484375000
v 1.302288245 0.915568846 0.484375000
vt 0.585937500 0.000000000
vt 0.585937500 0.023437500
vt 0.589843750 0.023437500
vt 0.589843750 0.000000000
f 649/649 650/650 651/651 652/652
v 1.184546903 1.061490834 0.484375000
v 1.038624915 0.943749492 0.484375000
v 1.038624915 0.943749492 0.515625000
v 1.184546903 1.061490834 0.515625000
vt 0.101562500 0.585937500
vt 0.101562500 0.609375000
vt 0.105468750 0.609375000
vt 0.105468750 0.585937500
f 653/653 654/654 655/655 656/656
v 1.184546903 1.061490834 0.484375000
v 1.184546903 1.061490834 0.515625000
v 1.302288245 0.915568846 0.515625000
v 1.302288245 0.915568846 0.484375000
vt 0.257812500 0.589843750
vt 0.257812500 0.585937500
vt 0.234375000 0.585937500
vt 0.234375000 0.589843750
f 657/657 658/658 659/659 660/660
v 1.038624915 0.943749492 0.515625000
v 1.038624915 0.943749492 0.484375000
v 1.156366257 0.797827504 0.484375000
v 1.156366257 0.797827504 0.515625000
vt 0.609375000 0.367187500
vt 0.609375000 0.371093750
vt 0.585937500 0.371093750
vt 0.585937500 0.367187500
f 661/661 662/662 663/663 664/664
v 1.441489639 1.124632501 0.484375000
v 1.303139280 0.916403833 0.484375000
v 1.146967779 1.020166602 0.484375000
v 1.285318138 1.228395270 0.484375000
vt 0.226562500 0.382812500
vt 0.226562500 0.414062500
vt 0.250000000 0.414062500
vt 0.250000000 0.382812500
f 665/665 666/666 667/667 668/668
v 1.285318138 1.228395270 0.515625000
v 1.146967779 1.020166602 0.515625000
v 1.303139280 0.916403833 0.515625000
v 1.441489639 1.124632501 0.515625000
vt 0.257812500 0.382812500
vt 0.257812500 0.414062500
vt 0.281250000 0.414062500
vt 0.281250000 0.382812500
f 669/669 670/670 671/671 672/672
v 1.441489639 1.124632501 0.515625000
v 1.303139280 0.916403833 0.515625000
v 1.303139280 0.916403833 0.484375000
v 1.441489639 1.124632501 0.484375000
vt 0.171875000 0.578125000
vt 0.171875000 0.609375000
vt 0.175781250 0.609375000
vt 0.175781250 0.578125000
f 673/673 674/674 675/675 676/676
v 1.285318138 1.228395270 0.484375000
v 1.146967779 1.020166602 0.484375000
v 1.146967779 1.020166602 0.515625000
v 1.285318138 1.228395270 0.515625000
vt 0.187500000 0.578125000
vt 0.187500000 0.609375000
vt 0.191406250 0.609375000
vt 0.191406250 0.578125000
f 677/677 678/678 679/679 680/680
v 1.285318138 1.228395270 0.484375000
v 1.285318138 1.228395270 0.515625000
v 1.441489639 1.124632501 0.515625000
v 1.441489639 1.124632501 0.484375000
vt 0.609375000 0.386718750
vt 0.609375000 0.382812500
vt 0.585937500 0.382812500
vt 0.585937500 0.386718750
f 681/681 682/682 683/683 684/684
v 1.146967779 1.020166602 0.515625000
v 1.146967779 1.020166602 0.484375000
v 1.303139280 0.916403833 0.484375000
v 1.303139280 0.916403833 0.515625000
vt 0.609375000 0.531250000
vt 0.609375000 0.535156250
vt 0.585937500 0.535156250
vt 0.585937500 0.531250000
f 685/685 686/686 687/687 688/688
v 1.477426502 1.310179316 0.484375000
v 1.441326450 1.126187370 0.484375000
v 1.257334504 1.162287422 0.484375000
v 1.293434556 1.346279368 0.484375000
vt 0.117187500 0.453125000
vt 0.117187500 0.476562500
vt 0.140625000 0.476562500
vt 0.140625000 0.453125000
f 689/689 690/690 691/691 692/692
v 1.293434556 1.346279368 0.515625000
v 1.257334504 1.162287422 0.515625000
v 1.441326450 1.126187370 0.515625000
v 1.477426502 1.310179316 0.515625000
vt 0.148437500 0.453125000
vt 0.148437500 0.476562500
vt 0.171875000 0.476562500
vt 0.171875000 0.453125000
f 693/693 694/694 695/695 696/696
v 1.477426502 1.310179316 0.515625000
v 1.441326450 1.126187370 0.515625000
v 1.441326450 1.126187370 0.484375000
v 1.477426502 1.310179316 0.484375000
vt 0.460937500 0.585937500
vt 0.460937500 0.609375000
vt 0.464843750 0.609375000
vt 0.464843750 0.585937500
f 697/697 698/698 699/699 700/700
v 1.293434556 1.346279368 0.484375000
v 1.257334504 1.162287422 0.484375000
v 1.257334504 1.162287422 0.515625000
v 1.293434556 1.346279368 0.515625000
vt 0.570312500 0.585937500
vt 0.570312500 0.609375000
vt 0.574218750 0.609375000
vt 0.574218750 0.585937500
f 701/701 702/702 703/703 704/704
v 1.293434556 1.346279368 0.484375000
v 1.293434556 1.346279368 0.515625000
v 1.477426502 1.310179316 0.515625000
v 1.477426502 1.310179316 0.484375000
vt 0.609375000 0.550781250
vt 0.609375000 0.546875000
vt 0.585937500 0.546875000
vt 0.585937500 0.550781250
f 705/705 706/706 707/707 708/708
v 1.257334504 1.162287422 0.515625000
v 1.257334504 1.162287422 0.484375000
v 1.441326450 1.126187370 0.484375000
v 1.441326450 1.126187370 0.515625000
vt 0.609375000 0.585937500
vt 0.609375000 0.589843750
vt 0.585937500 0.589843750
vt 0.585937500 0.585937500
f 709/709 710/710 711/711 712/712
v 0.868251141 0.697836334 0.484375000
v 0.837884936 0.786532197 0.484375000
v 0.944319971 0.822971643 0.484375000
v 0.974686176 0.734275780 0.484375000
vt 0.101562500 0.562500000
vt 0.101562500 0.574218750
vt 0.115234375 0.574218750
vt 0.115234375 0.562500000
f 713/713 714/714 715/715 716/716
v 0.974686176 0.734275780 0.515625000
v 0.944319971 0.822971643 0.515625000
v 0.837884936 0.786532197 0.515625000
v 0.868251141 0.697836334 0.515625000
vt 0.570312500 0.304687500
vt 0.570312500 0.316406250
vt 0.583984375 0.316406250
vt 0.583984375 0.304687500
f 717/717 718/718 719/719 720/720
v 0.868251141 0.697836334 0.515625000
v 0.837884936 0.786532197 0.515625000
v 0.837884936 0.786532197 0.484375000
v 0.868251141 0.697836334 0.484375000
vt 0.445312500 0.609375000
vt 0.445312500 0.621093750
vt 0.449218750 0.621093750
vt 0.449218750 0.609375000
f 721/721 722/722 723/723 724/724
v 0.974686176 0.734275780 0.484375000
v 0.944319971 0.822971643 0.484375000
v 0.944319971 0.822971643 0.515625000
v 0.974686176 0.734275780 0.515625000
vt 0.476562500 0.609375000
vt 0.476562500 0.621093750
vt 0.480468750 0.621093750
vt 0.480468750 0.609375000
f 725/725 726/726 727/727 728/728
v 0.974686176 0.734275780 0.484375000
v 0.974686176 0.734275780 0.515625000
v 0.868251141 0.697836334 0.515625000
v 0.868251141 0.697836334 0.484375000
vt 0.396484375 0.207031250
vt 0.396484375 0.203125000
vt 0.382812500 0.203125000
vt 0.382812500 0.207031250
f 729/729 730/730 731/731 732/732
v 0.944319971 0.822971643 0.515625000
v 0.944319971 0.822971643 0.484375000
v 0.837884936 0.786532197 0.484375000
v 0.837884936 0.786532197 0.515625000
vt 0.412109375 0.609375000
vt 0.412109375 0.613281250
vt 0.398437500 0.613281250
vt 0.398437500 0.609375000
f 733/733 734/734 735/735 736/736
v 0.837884936 2.088467803 0.484375000
v 0.868251141 2.177163666 0.484375000
v 0.974686176 2.140724220 0.484375000
v 0.944319971 2.052028357 0.484375000
vt 0.570312500 0.328125000
vt 0.570312500 0.339843750
vt 0.583984375 0.339843750
vt 0.583984375 0.328125000
f 737/737 738/738 739/739 740/740
v 0.944319971 2.052028357 0.515625000
v 0.974686176 2.140724220 0.515625000
v 0.868251141 2.177163666 0.515625000
v 0.837884936 2.088467803 0.515625000
vt 0.570312500 0.398437500
vt 0.570312500 0.410156250
vt 0.583984375 0.410156250
vt 0.583984375 0.398437500
f 741/741 742/742 743/743 744/744
v 0.837884936 2.088467803 0.515625000
v 0.868251141 2.177163666 0.515625000
v 0.868251141 2.177163666 0.484375000
v 0.837884936 2.088467803 0.484375000
vt 0.609375000 0.507812500
vt 0.609375000 0.519531250
vt 0.613281250 0.519531250
vt 0.613281250 0.507812500
f 745/745 746/746 747/747 748/748
v 0.944319971 2.052028357 0.484375000
v 0.974686176 2.140724220 0.484375000
v 0.974686176 2.140724220 0.515625000
v 0.944319971 2.052028357 0.515625000
vt 0.523437500 0.609375000
vt 0.523437500 0.621093750
vt 0.527343750 0.621093750
vt 0.527343750 0.609375000
f 749/749 750/750 751/751 752/752
v 0.944319971 2.052028357 0.484375000
v 0.944319971 2.052028357 0.515625000
v 0.837884936 2.088467803 0.515625000
v 0.837884936 2.088467803 0.484375000
vt 0.435546875 0.613281250
vt 0.435546875 0.609375000
vt 0.421875000 0.609375000
vt 0.421875000 0.613281250
f 753/753 754/754 755/755 756/756
v 0.974686176 2.140724220 0.515625000
v 0.974686176 2.140724220 0.484375000
v 0.868251141 2.177163666 0.484375000
v 0.868251141 2.177163666 0.515625000
vt 0.623046875 0.429687500
vt 0.623046875 0.433593750
vt 0.609375000 0.433593750
vt 0.609375000 0.429687500
f 757/757 758/758 759/759 760/760
v 1.015625000 1.612500000 0.437500000
v 1.015625000 1.250000000 0.437500000
v 0.671875000 1.250000000 0.437500000
v 0.671875000 1.612500000 0.437500000
vt 0.195312500 0.000000000
vt 0.195312500 0.044921875
vt 0.238281250 0.044921875
vt 0.238281250 0.000000000
f 761/761 762/762 763/763 764/764
v 0.671875000 1.612500000 0.562500000
v 0.671875000 1.250000000 0.562500000
v 1.015625000 1.250000000 0.562500000
v 1.015625000 1.612500000 0.562500000
vt 0.195312500 0.054687500
vt 0.195312500 0.099609375
vt 0.238281250 0.099609375
vt 0.238281250 0.054687500
f 765/765 766/766 767/767 768/768
v 1.015625000 1.612500000 0.562500000
v 1.015625000 1.250000000 0.562500000
v 1.015625000 1.250000000 0.437500000
v 1.015625000 1.612500000 0.437500000
vt 0.414062500 0.125000000
vt 0.414062500 0.169921875
vt 0.429687500 0.169921875
vt 0.429687500 0.125000000
f 769/769 770/770 771/771 772/772
v 0.671875000 1.612500000 0.437500000
v 0.671875000 1.250000000 0.437500000
v 0.671875000 1.250000000 0.562500000
v 0.671875000 1.612500000 0.562500000
vt 0.421875000 0.000000000
vt 0.421875000 0.044921875
vt 0.437500000 0.044921875
vt 0.437500000 0.000000000
f 773/773 774/774 775/775 776/776
v 0.671875000 1.612500000 0.437500000
v 0.671875000 1.612500000 0.562500000
v 1.015625000 1.612500000 0.562500000
v 1.015625000 1.612500000 0.437500000
vt 0.457031250 0.195312500
vt 0.457031250 0.179687500
vt 0.414062500 0.179687500
vt 0.414062500 0.195312500
f 777/777 778/778 779/779 780/780
v 0.671875000 1.250000000 0.562500000
v 0.671875000 1.250000000 0.437500000
v 1.015625000 1.250000000 0.437500000
v 1.015625000 1.250000000 0.562500000
vt 0.269531250 0.421875000
vt 0.269531250 0.437500000
vt 0.226562500 0.437500000
vt 0.226562500 0.421875000
f 781/781 782/782 783/783 784/784
v 1.228125000 1.612500000 0.453125000
v 1.228125000 1.262500000 0.453125000
v 0.953125000 1.262500000 0.453125000
v 0.953125000 1.612500000 0.453125000
vt 0.093750000 0.281250000
vt 0.093750000 0.324218750
vt 0.128906250 0.324218750
vt 0.128906250 0.281250000
f 785/785 786/786 787/787 788/788
v 0.953125000 1.612500000 0.546875000
v 0.953125000 1.262500000 0.546875000
v 1.228125000 1.262500000 0.546875000
v 1.228125000 1.612500000 0.546875000
vt 0.140625000 0.281250000
vt 0.140625000 0.324218750
vt 0.175781250 0.324218750
vt 0.175781250 0.281250000
f 789/789 790/790 791/791 792/792
v 1.228125000 1.612500000 0.546875000
v 1.228125000 1.262500000 0.546875000
v 1.228125000 1.262500000 0.453125000
v 1.228125000 1.612500000 0.453125000
vt 0.031250000 0.476562500
vt 0.031250000 0.519531250
vt 0.042968750 0.519531250
vt 0.042968750 0.476562500
f 793/793 794/794 795/795 796/796
v 0.953125000 1.612500000 0.453125000
v 0.953125000 1.262500000 0.453125000
v 0.953125000 1.262500000 0.546875000
v 0.953125000 1.612500000 0.546875000
vt 0.054687500 0.484375000
vt 0.054687500 0.527343750
vt 0.066406250 0.527343750
vt 0.066406250 0.484375000
f 797/797 798/798 799/799 800/800
v 0.953125000 1.612500000 0.453125000
v 0.953125000 1.612500000 0.546875000
v 1.228125000 1.612500000 0.546875000
v 1.228125000 1.612500000 0.453125000
vt 0.519531250 0.402343750
vt 0.519531250 0.390625000
vt 0.484375000 0.390625000
vt 0.484375000 0.402343750
f 801/801 802/802 803/803 804/804
v 0.953125000 1.262500000 0.546875000
v 0.953125000 1.262500000 0.453125000
v 1.228125000 1.262500000 0.453125000
v 1.228125000 1.262500000 0.546875000
vt 0.519531250 0.414062500
vt 0.519531250 0.425781250
vt 0.484375000 0.425781250
vt 0.484375000 0.414062500
f 805/805 806/806 807/807 808/808
v 1.396875000 1.631250000 0.468750000
v 1.396875000 1.243750000 0.468750000
v 1.228125000 1.243750000 0.468750000
v 1.228125000 1.631250000 0.468750000
vt 0.156250000 0.335937500
vt 0.156250000 0.384765625
vt 0.177734375 0.384765625
vt 0.177734375 0.335937500
f 809/809 810/810 811/811 812/812
v 1.228125000 1.631250000 0.531250000
v 1.228125000 1.243750000 0.531250000
v 1.396875000 1.243750000 0.531250000
v 1.396875000 1.631250000 0.531250000
vt 0.000000000 0.351562500
vt 0.000000000 0.400390625
vt 0.021484375 0.400390625
vt 0.021484375 0.351562500
f 813/813 814/814 815/815 816/816
v 1.396875000 1.631250000 0.531250000
v 1.396875000 1.243750000 0.531250000
v 1.396875000 1.243750000 0.468750000
v 1.396875000 1.631250000 0.468750000
vt 0.195312500 0.484375000
vt 0.195312500 0.533203125
vt 0.203125000 0.533203125
vt 0.203125000 0.484375000
f 817/817 818/818 819/819 820/820
v 1.228125000 1.631250000 0.468750000
v 1.228125000 1.243750000 0.468750000
v 1.228125000 1.243750000 0.531250000
v 1.228125000 1.631250000 0.531250000
vt 0.500000000 0.312500000
vt 0.500000000 0.361328125
vt 0.507812500 0.361328125
vt 0.507812500 0.312500000
f 821/821 822/822 823/823 824/824
v 1.228125000 1.631250000 0.468750000
v 1.228125000 1.631250000 0.531250000
v 1.396875000 1.631250000 0.531250000
v 1.396875000 1.631250000 0.468750000
vt 0.498046875 0.570312500
vt 0.498046875 0.562500000
vt 0.476562500 0.562500000
vt 0.476562500 0.570312500
f 825/825 826/826 827/827 828/828
v 1.228125000 1.243750000 0.531250000
v 1.228125000 1.243750000 0.468750000
v 1.396875000 1.243750000 0.468750000
v 1.396875000 1.243750000 0.531250000
vt 0.529296875 0.562500000
vt 0.529296875 0.570312500
vt 0.507812500 0.570312500
vt 0.507812500 0.562500000
f 829/829 830/830 831/831 832/832
v 1.478125000 1.568750000 0.484375000
v 1.478125000 1.306250000 0.484375000
v 1.396875000 1.306250000 0.484375000
v 1.396875000 1.568750000 0.484375000
vt 0.250000000 0.507812500
vt 0.250000000 0.541015625
vt 0.259765625 0.541015625
vt 0.259765625 0.507812500
f 833/833 834/834 835/835 836/836
v 1.396875000 1.568750000 0.515625000
v 1.396875000 1.306250000 0.515625000
v 1.478125000 1.306250000 0.515625000
v 1.478125000 1.568750000 0.515625000
vt 0.125000000 0.531250000
vt 0.125000000 0.564453125
vt 0.134765625 0.564453125
vt 0.134765625 0.531250000
f 837/837 838/838 839/839 840/840
v 1.478125000 1.568750000 0.515625000
v 1.478125000 1.306250000 0.515625000
v 1.478125000 1.306250000 0.484375000
v 1.478125000 1.568750000 0.484375000
vt 0.445312500 0.562500000
vt 0.445312500 0.595703125
vt 0.449218750 0.595703125
vt 0.449218750 0.562500000
f 841/841 842/842 843/843 844/844
v 1.396875000 1.568750000 0.484375000
v 1.396875000 1.306250000 0.484375000
v 1.396875000 1.306250000 0.515625000
v 1.396875000 1.568750000 0.515625000
vt 0.578125000 0.078125000
vt 0.578125000 0.111328125
vt 0.582031250 0.111328125
vt 0.582031250 0.078125000
f 845/845 846/846 847/847 848/848
v 1.396875000 1.568750000 0.484375000
v 1.396875000 1.568750000 0.515625000
v 1.478125000 1.568750000 0.515625000
v 1.478125000 1.568750000 0.484375000
vt 0.150390625 0.621093750
vt 0.150390625 0.617187500
vt 0.140625000 0.617187500
vt 0.140625000 0.621093750
f 849/849 850/850 851/851 852/852
v 1.396875000 1.306250000 0.515625000
v 1.396875000 1.306250000 0.484375000
v 1.478125000 1.306250000 0.484375000
v 1.478125000 1.306250000 0.515625000
vt 0.173828125 0.617187500
vt 0.173828125 0.621093750
vt 0.164062500 0.621093750
vt 0.164062500 0.617187500
f 853/853 854/854 855/855 856/856
g axe_blade2
v 0.468500998 1.616182341 0.437500000
v 0.267191546 1.377161935 0.437500000
v -0.014852533 1.614707088 0.437500000
v 0.186456919 1.853727494 0.437500000
vt 0.250000000 0.093750000
vt 0.250000000 0.132812500
vt 0.296875000 0.132812500
vt 0.296875000 0.093750000
f 857/857 858/858 859/859 860/860
v 0.186456919 1.853727494 0.562500000
v -0.014852533 1.614707088 0.562500000
v 0.267191546 1.377161935 0.562500000
v 0.468500998 1.616182341 0.562500000
vt 0.257812500 0.140625000
vt 0.257812500 0.179687500
vt 0.304687500 0.179687500
vt 0.304687500 0.140625000
f 861/861 862/862 863/863 864/864
v 0.468500998 1.616182341 0.562500000
v 0.267191546 1.377161935 0.562500000
v 0.267191546 1.377161935 0.437500000
v 0.468500998 1.616182341 0.437500000
vt 0.281250000 0.437500000
vt 0.281250000 0.476562500
vt 0.296875000 0.476562500
vt 0.296875000 0.437500000
f 865/865 866/866 867/867 868/868
v 0.186456919 1.853727494 0.437500000
v -0.014852533 1.614707088 0.437500000
v -0.014852533 1.614707088 0.562500000
v 0.186456919 1.853727494 0.562500000
vt 0.304687500 0.437500000
vt 0.304687500 0.476562500
vt 0.320312500 0.476562500
vt 0.320312500 0.437500000
f 869/869 870/870 871/871 872/872
v 0.186456919 1.853727494 0.437500000
v 0.186456919 1.853727494 0.562500000
v 0.468500998 1.616182341 0.562500000
v 0.468500998 1.616182341 0.437500000
vt 0.421875000 0.328125000
vt 0.421875000 0.312500000
vt 0.375000000 0.312500000
vt 0.375000000 0.328125000
f 873/873 874/874 875/875 876/876
v -0.014852533 1.614707088 0.562500000
v -0.014852533 1.614707088 0.437500000
v 0.267191546 1.377161935 0.437500000
v 0.267191546 1.377161935 0.562500000
vt 0.335937500 0.382812500
vt 0.335937500 0.398437500
vt 0.289062500 0.398437500
vt 0.289062500 0.382812500
f 877/877 878/878 879/879 880/880
v 0.271217735 1.493057657 0.437500000
v 0.468500998 1.258817659 0.437500000
v 0.181676511 1.017246317 0.437500000
v -0.015606752 1.251486315 0.437500000
vt 0.257812500 0.187500000
vt 0.257812500 0.226562500
vt 0.304687500 0.226562500
vt 0.304687500 0.187500000
f 881/881 882/882 883/883 884/884
v -0.015606752 1.251486315 0.562500000
v 0.181676511 1.017246317 0.562500000
v 0.468500998 1.258817659 0.562500000
v 0.271217735 1.493057657 0.562500000
vt 0.257812500 0.234375000
vt 0.257812500 0.273437500
vt 0.304687500 0.273437500
vt 0.304687500 0.234375000
f 885/885 886/886 887/887 888/888
v 0.271217735 1.493057657 0.562500000
v 0.468500998 1.258817659 0.562500000
v 0.468500998 1.258817659 0.437500000
v 0.271217735 1.493057657 0.437500000
vt 0.328125000 0.437500000
vt 0.328125000 0.476562500
vt 0.343750000 0.476562500
vt 0.343750000 0.437500000
f 889/889 890/890 891/891 892/892
v -0.015606752 1.251486315 0.437500000
v 0.181676511 1.017246317 0.437500000
v 0.181676511 1.017246317 0.562500000
v -0.015606752 1.251486315 0.562500000
vt 0.437500000 0.328125000
vt 0.437500000 0.367187500
vt 0.453125000 0.367187500
vt 0.453125000 0.328125000
f 893/893 894/894 895/895 896/896
v -0.015606752 1.251486315 0.437500000
v -0.015606752 1.251486315 0.562500000
v 0.271217735 1.493057657 0.562500000
v 0.271217735 1.493057657 0.437500000
vt 0.429687500 0.351562500
vt 0.429687500 0.335937500
vt 0.382812500 0.335937500
vt 0.382812500 0.351562500
f 897/897 898/898 899/899 900/900
v 0.181676511 1.017246317 0.562500000
v 0.181676511 1.017246317 0.437500000
v 0.468500998 1.258817659 0.437500000
v 0.468500998 1.258817659 0.562500000
vt 0.390625000 0.382812500
vt 0.390625000 0.398437500
vt 0.343750000 0.398437500
vt 0.343750000 0.382812500
f 901/901 902/902 903/903 904/904
v 0.252772316 1.755100152 0.453125000
v -0.003538937 1.576324338 0.453125000
v -0.146559588 1.781373341 0.453125000
v 0.109751666 1.960149154 0.453125000
vt 0.226562500 0.335937500
vt 0.226562500 0.375000000
vt 0.257812500 0.375000000
vt 0.257812500 0.335937500
f 905/905 906/906 907/907 908/908
v 0.109751666 1.960149154 0.546875000
v -0.146559588 1.781373341 0.546875000
v -0.003538937 1.576324338 0.546875000
v 0.252772316 1.755100152 0.546875000
vt 0.335937500 0.242187500
vt 0.335937500 0.281250000
vt 0.367187500 0.281250000
vt 0.367187500 0.242187500
f 909/909 910/910 911/911 912/912
v 0.252772316 1.755100152 0.546875000
v -0.003538937 1.576324338 0.546875000
v -0.003538937 1.576324338 0.453125000
v 0.252772316 1.755100152 0.453125000
vt 0.484375000 0.265625000
vt 0.484375000 0.304687500
vt 0.496093750 0.304687500
vt 0.496093750 0.265625000
f 913/913 914/914 915/915 916/916
v 0.109751666 1.960149154 0.453125000
v -0.146559588 1.781373341 0.453125000
v -0.146559588 1.781373341 0.546875000
v 0.109751666 1.960149154 0.546875000
vt 0.273437500 0.484375000
vt 0.273437500 0.523437500
vt 0.285156250 0.523437500
vt 0.285156250 0.484375000
f 917/917 918/918 919/919 920/920
v 0.109751666 1.960149154 0.453125000
v 0.109751666 1.960149154 0.546875000
v 0.252772316 1.755100152 0.546875000
v 0.252772316 1.755100152 0.453125000
vt 0.539062500 0.292968750
vt 0.539062500 0.281250000
vt 0.507812500 0.281250000
vt 0.507812500 0.292968750
f 921/921 922/922 923/923 924/924
v -0.146559588 1.781373341 0.546875000
v -0.146559588 1.781373341 0.453125000
v -0.003538937 1.576324338 0.453125000
v -0.003538937 1.576324338 0.546875000
vt 0.375000000 0.507812500
vt 0.375000000 0.519531250
vt 0.343750000 0.519531250
vt 0.343750000 0.507812500
f 925/925 926/926 927/927 928/928
v -0.003538937 1.298675662 0.453125000
v 0.252772316 1.119899848 0.453125000
v 0.109751666 0.914850846 0.453125000
v -0.146559588 1.093626659 0.453125000
vt 0.265625000 0.335937500
vt 0.265625000 0.375000000
vt 0.296875000 0.375000000
vt 0.296875000 0.335937500
f 929/929 930/930 931/931 932/932
v -0.146559588 1.093626659 0.546875000
v 0.109751666 0.914850846 0.546875000
v 0.252772316 1.119899848 0.546875000
v -0.003538937 1.298675662 0.546875000
vt 0.335937500 0.289062500
vt 0.335937500 0.328125000
vt 0.367187500 0.328125000
vt 0.367187500 0.289062500
f 933/933 934/934 935/935 936/936
v -0.003538937 1.298675662 0.546875000
v 0.252772316 1.119899848 0.546875000
v 0.252772316 1.119899848 0.453125000
v -0.003538937 1.298675662 0.453125000
vt 0.296875000 0.484375000
vt 0.296875000 0.523437500
vt 0.308593750 0.523437500
vt 0.308593750 0.484375000
f 937/937 938/938 939/939 940/940
v -0.146559588 1.093626659 0.453125000
v 0.109751666 0.914850846 0.453125000
v 0.109751666 0.914850846 0.546875000
v -0.146559588 1.093626659 0.546875000
vt 0.320312500 0.484375000
vt 0.320312500 0.523437500
vt 0.332031250 0.523437500
vt 0.332031250 0.484375000
f 941/941 942/942 943/943 944/944
v -0.146559588 1.093626659 0.453125000
v -0.146559588 1.093626659 0.546875000
v -0.003538937 1.298675662 0.546875000
v -0.003538937 1.298675662 0.453125000
vt 0.414062500 0.519531250
vt 0.414062500 0.507812500
vt 0.382812500 0.507812500
vt 0.382812500 0.519531250
f 945/945 946/946 947/947 948/948
v 0.109751666 0.914850846 0.546875000
v 0.109751666 0.914850846 0.453125000
v 0.252772316 1.119899848 0.453125000
v 0.252772316 1.119899848 0.546875000
vt 0.453125000 0.507812500
vt 0.453125000 0.519531250
vt 0.421875000 0.519531250
vt 0.421875000 0.507812500
f 949/949 950/950 951/951 952/952
v 0.125064096 1.837724749 0.468201250
v -0.060875292 1.813583623 0.468201250
v -0.085016418 1.999523011 0.468201250
v 0.100922970 2.023664137 0.468201250
vt 0.453125000 0.234375000
vt 0.453125000 0.257812500
vt 0.476562500 0.257812500
vt 0.476562500 0.234375000
f 953/953 954/954 955/955 956/956
v 0.100922970 2.023664137 0.530701250
v -0.085016418 1.999523011 0.530701250
v -0.060875292 1.813583623 0.530701250
v 0.125064096 1.837724749 0.530701250
vt 0.453125000 0.265625000
vt 0.453125000 0.289062500
vt 0.476562500 0.289062500
vt 0.476562500 0.265625000
f 957/957 958/958 959/959 960/960
v 0.125064096 1.837724749 0.530701250
v -0.060875292 1.813583623 0.530701250
v -0.060875292 1.813583623 0.468201250
v 0.125064096 1.837724749 0.468201250
vt 0.554687500 0.304687500
vt 0.554687500 0.328125000
vt 0.562500000 0.328125000
vt 0.562500000 0.304687500
f 961/961 962/962 963/963 964/964
v 0.100922970 2.023664137 0.468201250
v -0.085016418 1.999523011 0.468201250
v -0.085016418 1.999523011 0.530701250
v 0.100922970 2.023664137 0.530701250
vt 0.554687500 0.335937500
vt 0.554687500 0.359375000
vt 0.562500000 0.359375000
vt 0.562500000 0.335937500
f 965/965 966/966 967/967 968/968
v 0.100922970 2.023664137 0.468201250
v 0.100922970 2.023664137 0.530701250
v 0.125064096 1.837724749 0.530701250
v 0.125064096 1.837724749 0.468201250
vt 0.578125000 0.375000000
vt 0.578125000 0.367187500
vt 0.554687500 0.367187500
vt 0.554687500 0.375000000
f 969/969 970/970 971/971 972/972
v -0.085016418 1.999523011 0.530701250
v -0.085016418 1.999523011 0.468201250
v -0.060875292 1.813583623 0.468201250
v -0.060875292 1.813583623 0.530701250
vt 0.578125000 0.382812500
vt 0.578125000 0.390625000
vt 0.554687500 0.390625000
vt 0.554687500 0.382812500
f 973/973 974/974 975/975 976/976
v -0.060875292 1.061416377 0.468201250
v 0.125064096 1.037275251 0.468201250
v 0.100922970 0.851335863 0.468201250
v -0.085016418 0.875476989 0.468201250
vt 0.453125000 0.296875000
vt 0.453125000 0.320312500
vt 0.476562500 0.320312500
vt 0.476562500 0.296875000
f 977/977 978/978 979/979 980/980
v -0.085016418 0.875476989 0.530701250
v 0.100922970 0.851335863 0.530701250
v 0.125064096 1.037275251 0.530701250
v -0.060875292 1.061416377 0.530701250
vt 0.453125000 0.406250000
vt 0.453125000 0.429687500
vt 0.476562500 0.429687500
vt 0.476562500 0.406250000
f 981/981 982/982 983/983 984/984
v -0.060875292 1.061416377 0.530701250
v 0.125064096 1.037275251 0.530701250
v 0.125064096 1.037275251 0.468201250
v -0.060875292 1.061416377 0.468201250
vt 0.554687500 0.398437500
vt 0.554687500 0.421875000
vt 0.562500000 0.421875000
vt 0.562500000 0.398437500
f 985/985 986/986 987/987 988/988
v -0.085016418 0.875476989 0.468201250
v 0.100922970 0.851335863 0.468201250
v 0.100922970 0.851335863 0.530701250
v -0.085016418 0.875476989 0.530701250
vt 0.460937500 0.554687500
vt 0.460937500 0.578125000
vt 0.468750000 0.578125000
vt 0.468750000 0.554687500
f 989/989 990/990 991/991 992/992
v -0.085016418 0.875476989 0.468201250
v -0.085016418 0.875476989 0.530701250
v -0.060875292 1.061416377 0.530701250
v -0.060875292 1.061416377 0.468201250
vt 0.578125000 0.539062500
vt 0.578125000 0.531250000
vt 0.554687500 0.531250000
vt 0.554687500 0.539062500
f 993/993 994/994 995/995 996/996
v 0.100922970 0.851335863 0.530701250
v 0.100922970 0.851335863 0.468201250
v 0.125064096 1.037275251 0.468201250
v 0.125064096 1.037275251 0.530701250
vt 0.578125000 0.546875000
vt 0.578125000 0.554687500
vt 0.554687500 0.554687500
vt 0.554687500 0.546875000
f 997/997 998/998 999/999 1000/1000
v 0.037229255 1.915234756 0.484375000
v -0.070913928 1.977924882 0.484375000
v 0.023121260 2.140139657 0.484375000
v 0.131264444 2.077449532 0.484375000
vt 0.507812500 0.437500000
vt 0.507812500 0.453125000
vt 0.531250000 0.453125000
vt 0.531250000 0.437500000
f 1001/1001 1002/1002 1003/1003 1004/1004
v 0.131264444 2.077449532 0.515625000
v 0.023121260 2.140139657 0.515625000
v -0.070913928 1.977924882 0.515625000
v 0.037229255 1.915234756 0.515625000
vt 0.507812500 0.460937500
vt 0.507812500 0.476562500
vt 0.531250000 0.476562500
vt 0.531250000 0.460937500
f 1005/1005 1006/1006 1007/1007 1008/1008
v 0.037229255 1.915234756 0.515625000
v -0.070913928 1.977924882 0.515625000
v -0.070913928 1.977924882 0.484375000
v 0.037229255 1.915234756 0.484375000
vt 0.335937500 0.609375000
vt 0.335937500 0.625000000
vt 0.339843750 0.625000000
vt 0.339843750 0.609375000
f 1009/1009 1010/1010 1011/1011 1012/1012
v 0.131264444 2.077449532 0.484375000
v 0.023121260 2.140139657 0.484375000
v 0.023121260 2.140139657 0.515625000
v 0.131264444 2.077449532 0.515625000
vt 0.351562500 0.609375000
vt 0.351562500 0.625000000
vt 0.355468750 0.625000000
vt 0.355468750 0.609375000
f 1013/1013 1014/1014 1015/1015 1016/1016
v 0.131264444 2.077449532 0.484375000
v 0.131264444 2.077449532 0.515625000
v 0.037229255 1.915234756 0.515625000
v 0.037229255 1.915234756 0.484375000
vt 0.078125000 0.597656250
vt 0.078125000 0.593750000
vt 0.054687500 0.593750000
vt 0.054687500 0.597656250
f 1017/1017 1018/1018 1019/1019 1020/1020
v 0.023121260 2.140139657 0.515625000
v 0.023121260 2.140139657 0.484375000
v -0.070913928 1.977924882 0.484375000
v -0.070913928 1.977924882 0.515625000
vt 0.617187500 0.078125000
vt 0.617187500 0.082031250
vt 0.593750000 0.082031250
vt 0.593750000 0.078125000
f 1021/1021 1022/1022 1023/1023 1024/1024
v -0.070913928 0.897075118 0.484375000
v 0.037229255 0.959765244 0.484375000
v 0.131264444 0.797550468 0.484375000
v 0.023121260 0.734860343 0.484375000
vt 0.507812500 0.484375000
vt 0.507812500 0.500000000
vt 0.531250000 0.500000000
vt 0.531250000 0.484375000
f 1025/1025 1026/1026 1027/1027 1028/1028
v 0.023121260 0.734860343 0.515625000
v 0.131264444 0.797550468 0.515625000
v 0.037229255 0.959765244 0.515625000
v -0.070913928 0.897075118 0.515625000
vt 0.507812500 0.507812500
vt 0.507812500 0.523437500
vt 0.531250000 0.523437500
vt 0.531250000 0.507812500
f 1029/1029 1030/1030 1031/1031 1032/1032
v -0.070913928 0.897075118 0.515625000
v 0.037229255 0.959765244 0.515625000
v 0.037229255 0.959765244 0.484375000
v -0.070913928 0.897075118 0.484375000
vt 0.367187500 0.609375000
vt 0.367187500 0.625000000
vt 0.371093750 0.625000000
vt 0.371093750 0.609375000
f 1033/1033 1034/1034 1035/1035 1036/1036
v 0.023121260 0.734860343 0.484375000
v 0.131264444 0.797550468 0.484375000
v 0.131264444 0.797550468 0.515625000
v 0.023121260 0.734860343 0.515625000
vt 0.382812500 0.609375000
vt 0.382812500 0.625000000
vt 0.386718750 0.625000000
vt 0.386718750 0.609375000
f 1037/1037 1038/1038 1039/1039 1040/1040
v 0.023121260 0.734860343 0.484375000
v 0.023121260 0.734860343 0.515625000
v -0.070913928 0.897075118 0.515625000
v -0.070913928 0.897075118 0.484375000
vt 0.617187500 0.097656250
vt 0.617187500 0.093750000
vt 0.593750000 0.093750000
vt 0.593750000 0.097656250
f 1041/1041 1042/1042 1043/1043 1044/1044
v 0.131264444 0.797550468 0.515625000
v 0.131264444 0.797550468 0.484375000
v 0.037229255 0.959765244 0.484375000
v 0.037229255 0.959765244 0.515625000
vt 0.617187500 0.109375000
vt 0.617187500 0.113281250
vt 0.593750000 0.113281250
vt 0.593750000 0.109375000
f 1045/1045 1046/1046 1047/1047 1048/1048
v 0.079301740 1.677009885 0.453125000
v -0.000248750 1.507221872 0.453125000
v -0.226632769 1.613289192 0.453125000
v -0.147082278 1.783077205 0.453125000
vt 0.031250000 0.390625000
vt 0.031250000 0.414062500
vt 0.062500000 0.414062500
vt 0.062500000 0.390625000
f 1049/1049 1050/1050 1051/1051 1052/1052
v -0.147082278 1.783077205 0.546875000
v -0.226632769 1.613289192 0.546875000
v -0.000248750 1.507221872 0.546875000
v 0.079301740 1.677009885 0.546875000
vt 0.148437500 0.398437500
vt 0.148437500 0.421875000
vt 0.179687500 0.421875000
vt 0.179687500 0.398437500
f 1053/1053 1054/1054 1055/1055 1056/1056
v 0.079301740 1.677009885 0.546875000
v -0.000248750 1.507221872 0.546875000
v -0.000248750 1.507221872 0.453125000
v 0.079301740 1.677009885 0.453125000
vt 0.437500000 0.531250000
vt 0.437500000 0.554687500
vt 0.449218750 0.554687500
vt 0.449218750 0.531250000
f 1057/1057 1058/1058 1059/1059 1060/1060
v -0.147082278 1.783077205 0.453125000
v -0.226632769 1.613289192 0.453125000
v -0.226632769 1.613289192 0.546875000
v -0.147082278 1.783077205 0.546875000
vt 0.507812500 0.531250000
vt 0.507812500 0.554687500
vt 0.519531250 0.554687500
vt 0.519531250 0.531250000
f 1061/1061 1062/1062 1063/1063 1064/1064
v -0.147082278 1.783077205 0.453125000
v -0.147082278 1.783077205 0.546875000
v 0.079301740 1.677009885 0.546875000
v 0.079301740 1.677009885 0.453125000
vt 0.546875000 0.316406250
vt 0.546875000 0.304687500
vt 0.515625000 0.304687500
vt 0.515625000 0.316406250
f 1065/1065 1066/1066 1067/1067 1068/1068
v -0.226632769 1.613289192 0.546875000
v -0.226632769 1.613289192 0.453125000
v -0.000248750 1.507221872 0.453125000
v -0.000248750 1.507221872 0.546875000
vt 0.546875000 0.328125000
vt 0.546875000 0.339843750
vt 0.515625000 0.339843750
vt 0.515625000 0.328125000
f 1069/1069 1070/1070 1071/1071 1072/1072
v -0.000248750 1.367778128 0.453125000
v 0.079301740 1.197990115 0.453125000
v -0.147082278 1.091922795 0.453125000
v -0.226632769 1.261710808 0.453125000
vt 0.398437500 0.359375000
vt 0.398437500 0.382812500
vt 0.429687500 0.382812500
vt 0.429687500 0.359375000
f 1073/1073 1074/1074 1075/1075 1076/1076
v -0.226632769 1.261710808 0.546875000
v -0.147082278 1.091922795 0.546875000
v 0.079301740 1.197990115 0.546875000
v -0.000248750 1.367778128 0.546875000
vt 0.398437500 0.390625000
vt 0.398437500 0.414062500
vt 0.429687500 0.414062500
vt 0.429687500 0.390625000
f 1077/1077 1078/1078 1079/1079 1080/1080
v -0.000248750 1.367778128 0.546875000
v 0.079301740 1.197990115 0.546875000
v 0.079301740 1.197990115 0.453125000
v -0.000248750 1.367778128 0.453125000
vt 0.531250000 0.531250000
vt 0.531250000 0.554687500
vt 0.542968750 0.554687500
vt 0.542968750 0.531250000
f 1081/1081 1082/1082 1083/1083 1084/1084
v -0.226632769 1.261710808 0.453125000
v -0.147082278 1.091922795 0.453125000
v -0.147082278 1.091922795 0.546875000
v -0.226632769 1.261710808 0.546875000
vt 0.539062500 0.046875000
vt 0.539062500 0.070312500
vt 0.550781250 0.070312500
vt 0.550781250 0.046875000
f 1085/1085 1086/1086 1087/1087 1088/1088
v -0.226632769 1.261710808 0.453125000
v -0.226632769 1.261710808 0.546875000
v -0.000248750 1.367778128 0.546875000
v -0.000248750 1.367778128 0.453125000
vt 0.546875000 0.363281250
vt 0.546875000 0.351562500
vt 0.515625000 0.351562500
vt 0.515625000 0.363281250
f 1089/1089 1090/1090 1091/1091 1092/1092
v -0.147082278 1.091922795 0.546875000
v -0.147082278 1.091922795 0.453125000
v 0.079301740 1.197990115 0.453125000
v 0.079301740 1.197990115 0.546875000
vt 0.031250000 0.531250000
vt 0.031250000 0.542968750
vt 0.000000000 0.542968750
vt 0.000000000 0.531250000
f 1093/1093 1094/1094 1095/1095 1096/1096
v 0.048900537 1.789529446 0.468201250
v -0.109415298 1.689068774 0.468201250
v -0.243362860 1.900156554 0.468201250
v -0.085047026 2.000617225 0.468201250
vt 0.187500000 0.406250000
vt 0.187500000 0.429687500
vt 0.218750000 0.429687500
vt 0.218750000 0.406250000
f 1097/1097 1098/1098 1099/1099 1100/1100
v -0.085047026 2.000617225 0.530701250
v -0.243362860 1.900156554 0.530701250
v -0.109415298 1.689068774 0.530701250
v 0.048900537 1.789529446 0.530701250
vt 0.406250000 0.203125000
vt 0.406250000 0.226562500
vt 0.437500000 0.226562500
vt 0.437500000 0.203125000
f 1101/1101 1102/1102 1103/1103 1104/1104
v 0.048900537 1.789529446 0.530701250
v -0.109415298 1.689068774 0.530701250
v -0.109415298 1.689068774 0.468201250
v 0.048900537 1.789529446 0.468201250
vt 0.562500000 0.046875000
vt 0.562500000 0.070312500
vt 0.570312500 0.070312500
vt 0.570312500 0.046875000
f 1105/1105 1106/1106 1107/1107 1108/1108
v -0.085047026 2.000617225 0.468201250
v -0.243362860 1.900156554 0.468201250
v -0.243362860 1.900156554 0.530701250
v -0.085047026 2.000617225 0.530701250
vt 0.054687500 0.562500000
vt 0.054687500 0.585937500
vt 0.062500000 0.585937500
vt 0.062500000 0.562500000
f 1109/1109 1110/1110 1111/1111 1112/1112
v -0.085047026 2.000617225 0.468201250
v -0.085047026 2.000617225 0.530701250
v 0.048900537 1.789529446 0.530701250
v 0.048900537 1.789529446 0.468201250
vt 0.570312500 0.445312500
vt 0.570312500 0.437500000
vt 0.539062500 0.437500000
vt 0.539062500 0.445312500
f 1113/1113 1114/1114 1115/1115 1116/1116
v -0.243362860 1.900156554 0.530701250
v -0.243362860 1.900156554 0.468201250
v -0.109415298 1.689068774 0.468201250
v -0.109415298 1.689068774 0.530701250
vt 0.570312500 0.453125000
vt 0.570312500 0.460937500
vt 0.539062500 0.460937500
vt 0.539062500 0.453125000
f 1117/1117 1118/1118 1119/1119 1120/1120
v -0.027196739 1.774930582 0.468201250
v -0.183930546 1.504577547 0.468201250
v -0.400212975 1.629964593 0.468201250
v -0.243479167 1.900317628 0.468201250
vt 0.304687500 0.335937500
vt 0.304687500 0.375000000
vt 0.335937500 0.375000000
vt 0.335937500 0.335937500
f 1121/1121 1122/1122 1123/1123 1124/1124
v -0.243479167 1.900317628 0.530701250
v -0.400212975 1.629964593 0.530701250
v -0.183930546 1.504577547 0.530701250
v -0.027196739 1.774930582 0.530701250
vt 0.343750000 0.000000000
vt 0.343750000 0.039062500
vt 0.375000000 0.039062500
vt 0.375000000 0.000000000
f 1125/1125 1126/1126 1127/1127 1128/1128
v -0.027196739 1.774930582 0.530701250
v -0.183930546 1.504577547 0.530701250
v -0.183930546 1.504577547 0.468201250
v -0.027196739 1.774930582 0.468201250
vt 0.226562500 0.531250000
vt 0.226562500 0.570312500
vt 0.234375000 0.570312500
vt 0.234375000 0.531250000
f 1129/1129 1130/1130 1131/1131 1132/1132
v -0.243479167 1.900317628 0.468201250
v -0.400212975 1.629964593 0.468201250
v -0.400212975 1.629964593 0.530701250
v -0.243479167 1.900317628 0.530701250
vt 0.273437500 0.531250000
vt 0.273437500 0.570312500
vt 0.281250000 0.570312500
vt 0.281250000 0.531250000
f 1133/1133 1134/1134 1135/1135 1136/1136
v -0.243479167 1.900317628 0.468201250
v -0.243479167 1.900317628 0.530701250
v -0.027196739 1.774930582 0.530701250
v -0.027196739 1.774930582 0.468201250
vt 0.570312500 0.476562500
vt 0.570312500 0.468750000
vt 0.539062500 0.468750000
vt 0.539062500 0.476562500
f 1137/1137 1138/1138 1139/1139 1140/1140
v -0.400212975 1.629964593 0.530701250
v -0.400212975 1.629964593 0.468201250
v -0.183930546 1.504577547 0.468201250
v -0.183930546 1.504577547 0.530701250
vt 0.570312500 0.484375000
vt 0.570312500 0.492187500
vt 0.539062500 0.492187500
vt 0.539062500 0.484375000
f 1141/1141 1142/1142 1143/1143 1144/1144
v -0.109415298 1.185931226 0.468201250
v 0.048900537 1.085470554 0.468201250
v -0.085047026 0.874382775 0.468201250
v -0.243362860 0.974843446 0.468201250
vt 0.289062500 0.406250000
vt 0.289062500 0.429687500
vt 0.320312500 0.429687500
vt 0.320312500 0.406250000
f 1145/1145 1146/1146 1147/1147 1148/1148
v -0.243362860 0.974843446 0.530701250
v -0.085047026 0.874382775 0.530701250
v 0.048900537 1.085470554 0.530701250
v -0.109415298 1.185931226 0.530701250
vt 0.328125000 0.406250000
vt 0.328125000 0.429687500
vt 0.359375000 0.429687500
vt 0.359375000 0.406250000
f 1149/1149 1150/1150 1151/1151 1152/1152
v -0.109415298 1.185931226 0.530701250
v 0.048900537 1.085470554 0.530701250
v 0.048900537 1.085470554 0.468201250
v -0.109415298 1.185931226 0.468201250
vt 0.070312500 0.562500000
vt 0.070312500 0.585937500
vt 0.078125000 0.585937500
vt 0.078125000 0.562500000
f 1153/1153 1154/1154 1155/1155 1156/1156
v -0.243362860 0.974843446 0.468201250
v -0.085047026 0.874382775 0.468201250
v -0.085047026 0.874382775 0.530701250
v -0.243362860 0.974843446 0.530701250
vt 0.085937500 0.562500000
vt 0.085937500 0.585937500
vt 0.093750000 0.585937500
vt 0.093750000 0.562500000
f 1157/1157 1158/1158 1159/1159 1160/1160
v -0.243362860 0.974843446 0.468201250
v -0.243362860 0.974843446 0.530701250
v -0.109415298 1.185931226 0.530701250
v -0.109415298 1.185931226 0.468201250
vt 0.570312500 0.507812500
vt 0.570312500 0.500000000
vt 0.539062500 0.500000000
vt 0.539062500 0.507812500
f 1161/1161 1162/1162 1163/1163 1164/1164
v -0.085047026 0.874382775 0.530701250
v -0.085047026 0.874382775 0.468201250
v 0.048900537 1.085470554 0.468201250
v 0.048900537 1.085470554 0.530701250
vt 0.570312500 0.515625000
vt 0.570312500 0.523437500
vt 0.539062500 0.523437500
vt 0.539062500 0.515625000
f 1165/1165 1166/1166 1167/1167 1168/1168
v -0.183930546 1.370422453 0.468201250
v -0.027196739 1.100069418 0.468201250
v -0.243479167 0.974682372 0.468201250
v -0.400212975 1.245035407 0.468201250
vt 0.343750000 0.046875000
vt 0.343750000 0.085937500
vt 0.375000000 0.085937500
vt 0.375000000 0.046875000
f 1169/1169 1170/1170 1171/1171 1172/1172
v -0.400212975 1.245035407 0.530701250
v -0.243479167 0.974682372 0.530701250
v -0.027196739 1.100069418 0.530701250
v -0.183930546 1.370422453 0.530701250
vt 0.343750000 0.335937500
vt 0.343750000 0.375000000
vt 0.375000000 0.375000000
vt 0.375000000 0.335937500
f 1173/1173 1174/1174 1175/1175 1176/1176
v -0.183930546 1.370422453 0.530701250
v -0.027196739 1.100069418 0.530701250
v -0.027196739 1.100069418 0.468201250
v -0.183930546 1.370422453 0.468201250
vt 0.289062500 0.531250000
vt 0.289062500 0.570312500
vt 0.296875000 0.570312500
vt 0.296875000 0.531250000
f 1177/1177 1178/1178 1179/1179 1180/1180
v -0.400212975 1.245035407 0.468201250
v -0.243479167 0.974682372 0.468201250
v -0.243479167 0.974682372 0.530701250
v -0.400212975 1.245035407 0.530701250
vt 0.304687500 0.531250000
vt 0.304687500 0.570312500
vt 0.312500000 0.570312500
vt 0.312500000 0.531250000
f 1181/1181 1182/1182 1183/1183 1184/1184
v -0.400212975 1.245035407 0.468201250
v -0.400212975 1.245035407 0.530701250
v -0.183930546 1.370422453 0.530701250
v -0.183930546 1.370422453 0.468201250
vt 0.578125000 0.007812500
vt 0.578125000 0.000000000
vt 0.546875000 0.000000000
vt 0.546875000 0.007812500
f 1185/1185 1186/1186 1187/1187 1188/1188
v -0.243479167 0.974682372 0.530701250
v -0.243479167 0.974682372 0.468201250
v -0.027196739 1.100069418 0.468201250
v -0.027196739 1.100069418 0.530701250
vt 0.578125000 0.015625000
vt 0.578125000 0.023437500
vt 0.546875000 0.023437500
vt 0.546875000 0.015625000
f 1189/1189 1190/1190 1191/1191 1192/1192
v 0.082508191 1.960422098 0.484375000
v -0.094883535 1.899689688 0.484375000
v -0.155615945 2.077081413 0.484375000
v 0.021775780 2.137813824 0.484375000
vt 0.460937500 0.093750000
vt 0.460937500 0.117187500
vt 0.484375000 0.117187500
vt 0.484375000 0.093750000
f 1193/1193 1194/1194 1195/1195 1196/1196
v 0.021775780 2.137813824 0.515625000
v -0.155615945 2.077081413 0.515625000
v -0.094883535 1.899689688 0.515625000
v 0.082508191 1.960422098 0.515625000
vt 0.460937500 0.125000000
vt 0.460937500 0.148437500
vt 0.484375000 0.148437500
vt 0.484375000 0.125000000
f 1197/1197 1198/1198 1199/1199 1200/1200
v 0.082508191 1.960422098 0.515625000
v -0.094883535 1.899689688 0.515625000
v -0.094883535 1.899689688 0.484375000
v 0.082508191 1.960422098 0.484375000
vt 0.085937500 0.593750000
vt 0.085937500 0.617187500
vt 0.089843750 0.617187500
vt 0.089843750 0.593750000
f 1201/1201 1202/1202 1203/1203 1204/1204
v 0.021775780 2.137813824 0.484375000
v -0.155615945 2.077081413 0.484375000
v -0.155615945 2.077081413 0.515625000
v 0.021775780 2.137813824 0.515625000
vt 0.593750000 0.125000000
vt 0.593750000 0.148437500
vt 0.597656250 0.148437500
vt 0.597656250 0.125000000
f 1205/1205 1206/1206 1207/1207 1208/1208
v 0.021775780 2.137813824 0.484375000
v 0.021775780 2.137813824 0.515625000
v 0.082508191 1.960422098 0.515625000
v 0.082508191 1.960422098 0.484375000
vt 0.617187500 0.160156250
vt 0.617187500 0.156250000
vt 0.593750000 0.156250000
vt 0.593750000 0.160156250
f 1209/1209 1210/1210 1211/1211 1212/1212
v -0.155615945 2.077081413 0.515625000
v -0.155615945 2.077081413 0.484375000
v -0.094883535 1.899689688 0.484375000
v -0.094883535 1.899689688 0.515625000
vt 0.617187500 0.218750000
vt 0.617187500 0.222656250
vt 0.593750000 0.222656250
vt 0.593750000 0.218750000
f 1213/1213 1214/1214 1215/1215 1216/1216
v -0.038624915 1.931250508 0.484375000
v -0.184546903 1.813509166 0.484375000
v -0.302288245 1.959431154 0.484375000
v -0.156366257 2.077172496 0.484375000
vt 0.460937500 0.328125000
vt 0.460937500 0.351562500
vt 0.484375000 0.351562500
vt 0.484375000 0.328125000
f 1217/1217 1218/1218 1219/1219 1220/1220
v -0.156366257 2.077172496 0.515625000
v -0.302288245 1.959431154 0.515625000
v -0.184546903 1.813509166 0.515625000
v -0.038624915 1.931250508 0.515625000
vt 0.468750000 0.156250000
vt 0.468750000 0.179687500
vt 0.492187500 0.179687500
vt 0.492187500 0.156250000
f 1221/1221 1222/1222 1223/1223 1224/1224
v -0.038624915 1.931250508 0.515625000
v -0.184546903 1.813509166 0.515625000
v -0.184546903 1.813509166 0.484375000
v -0.038624915 1.931250508 0.484375000
vt 0.593750000 0.234375000
vt 0.593750000 0.257812500
vt 0.597656250 0.257812500
vt 0.597656250 0.234375000
f 1225/1225 1226/1226 1227/1227 1228/1228
v -0.156366257 2.077172496 0.484375000
v -0.302288245 1.959431154 0.484375000
v -0.302288245 1.959431154 0.515625000
v -0.156366257 2.077172496 0.515625000
vt 0.593750000 0.304687500
vt 0.593750000 0.328125000
vt 0.597656250 0.328125000
vt 0.597656250 0.304687500
f 1229/1229 1230/1230 1231/1231 1232/1232
v -0.156366257 2.077172496 0.484375000
v -0.156366257 2.077172496 0.515625000
v -0.038624915 1.931250508 0.515625000
v -0.038624915 1.931250508 0.484375000
vt 0.617187500 0.269531250
vt 0.617187500 0.265625000
vt 0.593750000 0.265625000
vt 0.593750000 0.269531250
f 1233/1233 1234/1234 1235/1235 1236/1236
v -0.302288245 1.959431154 0.515625000
v -0.302288245 1.959431154 0.484375000
v -0.184546903 1.813509166 0.484375000
v -0.184546903 1.813509166 0.515625000
vt 0.359375000 0.593750000
vt 0.359375000 0.597656250
vt 0.335937500 0.597656250
vt 0.335937500 0.593750000
f 1237/1237 1238/1238 1239/1239 1240/1240
v -0.146967779 1.854833398 0.484375000
v -0.285318138 1.646604730 0.484375000
v -0.441489639 1.750367499 0.484375000
v -0.303139280 1.958596167 0.484375000
vt 0.367187500 0.406250000
vt 0.367187500 0.437500000
vt 0.390625000 0.437500000
vt 0.390625000 0.406250000
f 1241/1241 1242/1242 1243/1243 1244/1244
v -0.303139280 1.958596167 0.515625000
v -0.441489639 1.750367499 0.515625000
v -0.285318138 1.646604730 0.515625000
v -0.146967779 1.854833398 0.515625000
vt 0.000000000 0.414062500
vt 0.000000000 0.445312500
vt 0.023437500 0.445312500
vt 0.023437500 0.414062500
f 1245/1245 1246/1246 1247/1247 1248/1248
v -0.146967779 1.854833398 0.515625000
v -0.285318138 1.646604730 0.515625000
v -0.285318138 1.646604730 0.484375000
v -0.146967779 1.854833398 0.484375000
vt 0.203125000 0.578125000
vt 0.203125000 0.609375000
vt 0.207031250 0.609375000
vt 0.207031250 0.578125000
f 1249/1249 1250/1250 1251/1251 1252/1252
v -0.303139280 1.958596167 0.484375000
v -0.441489639 1.750367499 0.484375000
v -0.441489639 1.750367499 0.515625000
v -0.303139280 1.958596167 0.515625000
vt 0.218750000 0.578125000
vt 0.218750000 0.609375000
vt 0.222656250 0.609375000
vt 0.222656250 0.578125000
f 1253/1253 1254/1254 1255/1255 1256/1256
v -0.303139280 1.958596167 0.484375000
v -0.303139280 1.958596167 0.515625000
v -0.146967779 1.854833398 0.515625000
v -0.146967779 1.854833398 0.484375000
vt 0.617187500 0.339843750
vt 0.617187500 0.335937500
vt 0.593750000 0.335937500
vt 0.593750000 0.339843750
f 1257/1257 1258/1258 1259/1259 1260/1260
v -0.441489639 1.750367499 0.515625000
v -0.441489639 1.750367499 0.484375000
v -0.285318138 1.646604730 0.484375000
v -0.285318138 1.646604730 0.515625000
vt 0.421875000 0.593750000
vt 0.421875000 0.597656250
vt 0.398437500 0.597656250
vt 0.398437500 0.593750000
f 1261/1261 1262/1262 1263/1263 1264/1264
v -0.257334504 1.712712578 0.484375000
v -0.293434556 1.528720632 0.484375000
v -0.477426502 1.564820684 0.484375000
v -0.441326450 1.748812630 0.484375000
vt 0.468750000 0.359375000
vt 0.468750000 0.382812500
vt 0.492187500 0.382812500
vt 0.492187500 0.359375000
f 1265/1265 1266/1266 1267/1267 1268/1268
v -0.441326450 1.748812630 0.515625000
v -0.477426502 1.564820684 0.515625000
v -0.293434556 1.528720632 0.515625000
v -0.257334504 1.712712578 0.515625000
vt 0.476562500 0.000000000
vt 0.476562500 0.023437500
vt 0.500000000 0.023437500
vt 0.500000000 0.000000000
f 1269/1269 1270/1270 1271/1271 1272/1272
v -0.257334504 1.712712578 0.515625000
v -0.293434556 1.528720632 0.515625000
v -0.293434556 1.528720632 0.484375000
v -0.257334504 1.712712578 0.484375000
vt 0.492187500 0.593750000
vt 0.492187500 0.617187500
vt 0.496093750 0.617187500
vt 0.496093750 0.593750000
f 1273/1273 1274/1274 1275/1275 1276/1276
v -0.441326450 1.748812630 0.484375000
v -0.477426502 1.564820684 0.484375000
v -0.477426502 1.564820684 0.515625000
v -0.441326450 1.748812630 0.515625000
vt 0.593750000 0.500000000
vt 0.593750000 0.523437500
vt 0.597656250 0.523437500
vt 0.597656250 0.500000000
f 1277/1277 1278/1278 1279/1279 1280/1280
v -0.441326450 1.748812630 0.484375000
v -0.441326450 1.748812630 0.515625000
v -0.257334504 1.712712578 0.515625000
v -0.257334504 1.712712578 0.484375000
vt 0.617187500 0.402343750
vt 0.617187500 0.398437500
vt 0.593750000 0.398437500
vt 0.593750000 0.402343750
f 1281/1281 1282/1282 1283/1283 1284/1284
v -0.477426502 1.564820684 0.515625000
v -0.477426502 1.564820684 0.484375000
v -0.293434556 1.528720632 0.484375000
v -0.293434556 1.528720632 0.515625000
vt 0.562500000 0.593750000
vt 0.562500000 0.597656250
vt 0.539062500 0.597656250
vt 0.539062500 0.593750000
f 1285/1285 1286/1286 1287/1287 1288/1288
v -0.094883535 0.975310312 0.484375000
v 0.082508191 0.914577902 0.484375000
v 0.021775780 0.737186176 0.484375000
v -0.155615945 0.797918587 0.484375000
vt 0.476562500 0.031250000
vt 0.476562500 0.054687500
vt 0.500000000 0.054687500
vt 0.500000000 0.031250000
f 1289/1289 1290/1290 1291/1291 1292/1292
v -0.155615945 0.797918587 0.515625000
v 0.021775780 0.737186176 0.515625000
v 0.082508191 0.914577902 0.515625000
v -0.094883535 0.975310312 0.515625000
vt 0.476562500 0.062500000
vt 0.476562500 0.085937500
vt 0.500000000 0.085937500
vt 0.500000000 0.062500000
f 1293/1293 1294/1294 1295/1295 1296/1296
v -0.094883535 0.975310312 0.515625000
v 0.082508191 0.914577902 0.515625000
v 0.082508191 0.914577902 0.484375000
v -0.094883535 0.975310312 0.484375000
vt 0.507812500 0.593750000
vt 0.507812500 0.617187500
vt 0.511718750 0.617187500
vt 0.511718750 0.593750000
f 1297/1297 1298/1298 1299/1299 1300/1300
v -0.155615945 0.797918587 0.484375000
v 0.021775780 0.737186176 0.484375000
v 0.021775780 0.737186176 0.515625000
v -0.155615945 0.797918587 0.515625000
vt 0.000000000 0.601562500
vt 0.000000000 0.625000000
vt 0.003906250 0.625000000
vt 0.003906250 0.601562500
f 1301/1301 1302/1302 1303/1303 1304/1304
v -0.155615945 0.797918587 0.484375000
v -0.155615945 0.797918587 0.515625000
v -0.094883535 0.975310312 0.515625000
v -0.094883535 0.975310312 0.484375000
vt 0.617187500 0.566406250
vt 0.617187500 0.562500000
vt 0.593750000 0.562500000
vt 0.593750000 0.566406250
f 1305/1305 1306/1306 1307/1307 1308/1308
v 0.021775780 0.737186176 0.515625000
v 0.021775780 0.737186176 0.484375000
v 0.082508191 0.914577902 0.484375000
v 0.082508191 0.914577902 0.515625000
vt 0.625000000 0.000000000
vt 0.625000000 0.003906250
vt 0.601562500 0.003906250
vt 0.601562500 0.000000000
f 1309/1309 1310/1310 1311/1311 1312/1312
v -0.184546903 1.061490834 0.484375000
v -0.038624915 0.943749492 0.484375000
v -0.156366257 0.797827504 0.484375000
v -0.302288245 0.915568846 0.484375000
vt 0.476562500 0.187500000
vt 0.476562500 0.210937500
vt 0.500000000 0.210937500
vt 0.500000000 0.187500000
f 1313/1313 1314/1314 1315/1315 1316/1316
v -0.302288245 0.915568846 0.515625000
v -0.156366257 0.797827504 0.515625000
v -0.038624915 0.943749492 0.515625000
v -0.184546903 1.061490834 0.515625000
vt 0.210937500 0.476562500
vt 0.210937500 0.500000000
vt 0.234375000 0.500000000
vt 0.234375000 0.476562500
f 1317/1317 1318/1318 1319/1319 1320/1320
v -0.184546903 1.061490834 0.515625000
v -0.038624915 0.943749492 0.515625000
v -0.038624915 0.943749492 0.484375000
v -0.184546903 1.061490834 0.484375000
vt 0.015625000 0.601562500
vt 0.015625000 0.625000000
vt 0.019531250 0.625000000
vt 0.019531250 0.601562500
f 1321/1321 1322/1322 1323/1323 1324/1324
v -0.302288245 0.915568846 0.484375000
v -0.156366257 0.797827504 0.484375000
v -0.156366257 0.797827504 0.515625000
v -0.302288245 0.915568846 0.515625000
vt 0.601562500 0.015625000
vt 0.601562500 0.039062500
vt 0.605468750 0.039062500
vt 0.605468750 0.015625000
f 1325/1325 1326/1326 1327/1327 1328/1328
v -0.302288245 0.915568846 0.484375000
v -0.302288245 0.915568846 0.515625000
v -0.184546903 1.061490834 0.515625000
v -0.184546903 1.061490834 0.484375000
vt 0.625000000 0.050781250
vt 0.625000000 0.046875000
vt 0.601562500 0.046875000
vt 0.601562500 0.050781250
f 1329/1329 1330/1330 1331/1331 1332/1332
v -0.156366257 0.797827504 0.515625000
v -0.156366257 0.797827504 0.484375000
v -0.038624915 0.943749492 0.484375000
v -0.038624915 0.943749492 0.515625000
vt 0.625000000 0.062500000
vt 0.625000000 0.066406250
vt 0.601562500 0.066406250
vt 0.601562500 0.062500000
f 1333/1333 1334/1334 1335/1335 1336/1336
v -0.285318138 1.228395270 0.484375000
v -0.146967779 1.020166602 0.484375000
v -0.303139280 0.916403833 0.484375000
v -0.441489639 1.124632501 0.484375000
vt 0.070312500 0.414062500
vt 0.070312500 0.445312500
vt 0.093750000 0.445312500
vt 0.093750000 0.414062500
f 1337/1337 1338/1338 1339/1339 1340/1340
v -0.441489639 1.124632501 0.515625000
v -0.303139280 0.916403833 0.515625000
v -0.146967779 1.020166602 0.515625000
v -0.285318138 1.228395270 0.515625000
vt 0.101562500 0.414062500
vt 0.101562500 0.445312500
vt 0.125000000 0.445312500
vt 0.125000000 0.414062500
f 1341/1341 1342/1342 1343/1343 1344/1344
v -0.285318138 1.228395270 0.515625000
v -0.146967779 1.020166602 0.515625000
v -0.146967779 1.020166602 0.484375000
v -0.285318138 1.228395270 0.484375000
vt 0.273437500 0.578125000
vt 0.273437500 0.609375000
vt 0.277343750 0.609375000
vt 0.277343750 0.578125000
f 1345/1345 1346/1346 1347/1347 1348/1348
v -0.441489639 1.124632501 0.484375000
v -0.303139280 0.916403833 0.484375000
v -0.303139280 0.916403833 0.515625000
v -0.441489639 1.124632501 0.515625000
vt 0.289062500 0.578125000
vt 0.289062500 0.609375000
vt 0.292968750 0.609375000
vt 0.292968750 0.578125000
f 1349/1349 1350/1350 1351/1351 1352/1352
v -0.441489639 1.124632501 0.484375000
v -0.441489639 1.124632501 0.515625000
v -0.285318138 1.228395270 0.515625000
v -0.285318138 1.228395270 0.484375000
vt 0.625000000 0.207031250
vt 0.625000000 0.203125000
vt 0.601562500 0.203125000
vt 0.601562500 0.207031250
f 1353/1353 1354/1354 1355/1355 1356/1356
v -0.303139280 0.916403833 0.515625000
v -0.303139280 0.916403833 0.484375000
v -0.146967779 1.020166602 0.484375000
v -0.146967779 1.020166602 0.515625000
vt 0.257812500 0.601562500
vt 0.257812500 0.605468750
vt 0.234375000 0.605468750
vt 0.234375000 0.601562500
f 1357/1357 1358/1358 1359/1359 1360/1360
v -0.293434556 1.346279368 0.484375000
v -0.257334504 1.162287422 0.484375000
v -0.441326450 1.126187370 0.484375000
v -0.477426502 1.310179316 0.484375000
vt 0.242187500 0.476562500
vt 0.242187500 0.500000000
vt 0.265625000 0.500000000
vt 0.265625000 0.476562500
f 1361/1361 1362/1362 1363/1363 1364/1364
v -0.477426502 1.310179316 0.515625000
v -0.441326450 1.126187370 0.515625000
v -0.257334504 1.162287422 0.515625000
v -0.293434556 1.346279368 0.515625000
vt 0.351562500 0.476562500
vt 0.351562500 0.500000000
vt 0.375000000 0.500000000
vt 0.375000000 0.476562500
f 1365/1365 1366/1366 1367/1367 1368/1368
v -0.293434556 1.346279368 0.515625000
v -0.257334504 1.162287422 0.515625000
v -0.257334504 1.162287422 0.484375000
v -0.293434556 1.346279368 0.484375000
vt 0.031250000 0.601562500
vt 0.031250000 0.625000000
vt 0.035156250 0.625000000
vt 0.035156250 0.601562500
f 1369/1369 1370/1370 1371/1371 1372/1372
v -0.477426502 1.310179316 0.484375000
v -0.441326450 1.126187370 0.484375000
v -0.441326450 1.126187370 0.515625000
v -0.477426502 1.310179316 0.515625000
vt 0.585937500 0.601562500
vt 0.585937500 0.625000000
vt 0.589843750 0.625000000
vt 0.589843750 0.601562500
f 1373/1373 1374/1374 1375/1375 1376/1376
v -0.477426502 1.310179316 0.484375000
v -0.477426502 1.310179316 0.515625000
v -0.293434556 1.346279368 0.515625000
v -0.293434556 1.346279368 0.484375000
vt 0.625000000 0.355468750
vt 0.625000000 0.351562500
vt 0.601562500 0.351562500
vt 0.601562500 0.355468750
f 1377/1377 1378/1378 1379/1379 1380/1380
v -0.441326450 1.126187370 0.515625000
v -0.441326450 1.126187370 0.484375000
v -0.257334504 1.162287422 0.484375000
v -0.257334504 1.162287422 0.515625000
vt 0.625000000 0.414062500
vt 0.625000000 0.417968750
vt 0.601562500 0.417968750
vt 0.601562500 0.414062500
f 1381/1381 1382/1382 1383/1383 1384/1384
v 0.025313824 0.734275780 0.484375000
v 0.055680029 0.822971643 0.484375000
v 0.162115064 0.786532197 0.484375000
v 0.131748859 0.697836334 0.484375000
vt 0.570312500 0.562500000
vt 0.570312500 0.574218750
vt 0.583984375 0.574218750
vt 0.583984375 0.562500000
f 1385/1385 1386/1386 1387/1387 1388/1388
v 0.131748859 0.697836334 0.515625000
v 0.162115064 0.786532197 0.515625000
v 0.055680029 0.822971643 0.515625000
v 0.025313824 0.734275780 0.515625000
vt 0.031250000 0.578125000
vt 0.031250000 0.589843750
vt 0.044921875 0.589843750
vt 0.044921875 0.578125000
f 1389/1389 1390/1390 1391/1391 1392/1392
v 0.025313824 0.734275780 0.515625000
v 0.055680029 0.822971643 0.515625000
v 0.055680029 0.822971643 0.484375000
v 0.025313824 0.734275780 0.484375000
vt 0.539062500 0.609375000
vt 0.539062500 0.621093750
vt 0.542968750 0.621093750
vt 0.542968750 0.609375000
f 1393/1393 1394/1394 1395/1395 1396/1396
v 0.131748859 0.697836334 0.484375000
v 0.162115064 0.786532197 0.484375000
v 0.162115064 0.786532197 0.515625000
v 0.131748859 0.697836334 0.515625000
vt 0.554687500 0.609375000
vt 0.554687500 0.621093750
vt 0.558593750 0.621093750
vt 0.558593750 0.609375000
f 1397/1397 1398/1398 1399/1399 1400/1400
v 0.131748859 0.697836334 0.484375000
v 0.131748859 0.697836334 0.515625000
v 0.025313824 0.734275780 0.515625000
v 0.025313824 0.734275780 0.484375000
vt 0.623046875 0.449218750
vt 0.623046875 0.445312500
vt 0.609375000 0.445312500
vt 0.609375000 0.449218750
f 1401/1401 1402/1402 1403/1403 1404/1404
v 0.162115064 0.786532197 0.515625000
v 0.162115064 0.786532197 0.484375000
v 0.055680029 0.822971643 0.484375000
v 0.055680029 0.822971643 0.515625000
vt 0.623046875 0.460937500
vt 0.623046875 0.464843750
vt 0.609375000 0.464843750
vt 0.609375000 0.460937500
f 1405/1405 1406/1406 1407/1407 1408/1408
v 0.055680029 2.052028357 0.484375000
v 0.025313824 2.140724220 0.484375000
v 0.131748859 2.177163666 0.484375000
v 0.162115064 2.088467803 0.484375000
vt 0.578125000 0.031250000
vt 0.578125000 0.042968750
vt 0.591796875 0.042968750
vt 0.591796875 0.031250000
f 1409/1409 1410/1410 1411/1411 1412/1412
v 0.162115064 2.088467803 0.515625000
v 0.131748859 2.177163666 0.515625000
v 0.025313824 2.140724220 0.515625000
v 0.055680029 2.052028357 0.515625000
vt 0.578125000 0.054687500
vt 0.578125000 0.066406250
vt 0.591796875 0.066406250
vt 0.591796875 0.054687500
f 1413/1413 1414/1414 1415/1415 1416/1416
v 0.055680029 2.052028357 0.515625000
v 0.025313824 2.140724220 0.515625000
v 0.025313824 2.140724220 0.484375000
v 0.055680029 2.052028357 0.484375000
vt 0.617187500 0.015625000
vt 0.617187500 0.027343750
vt 0.621093750 0.027343750
vt 0.621093750 0.015625000
f 1417/1417 1418/1418 1419/1419 1420/1420
v 0.162115064 2.088467803 0.484375000
v 0.131748859 2.177163666 0.484375000
v 0.131748859 2.177163666 0.515625000
v 0.162115064 2.088467803 0.515625000
vt 0.101562500 0.617187500
vt 0.101562500 0.628906250
vt 0.105468750 0.628906250
vt 0.105468750 0.617187500
f 1421/1421 1422/1422 1423/1423 1424/1424
v 0.162115064 2.088467803 0.484375000
v 0.162115064 2.088467803 0.515625000
v 0.055680029 2.052028357 0.515625000
v 0.055680029 2.052028357 0.484375000
vt 0.623046875 0.480468750
vt 0.623046875 0.476562500
vt 0.609375000 0.476562500
vt 0.609375000 0.480468750
f 1425/1425 1426/1426 1427/1427 1428/1428
v 0.131748859 2.177163666 0.515625000
v 0.131748859 2.177163666 0.484375000
v 0.025313824 2.140724220 0.484375000
v 0.025313824 2.140724220 0.515625000
vt 0.623046875 0.492187500
vt 0.623046875 0.496093750
vt 0.609375000 0.496093750
vt 0.609375000 0.492187500
f 1429/1429 1430/1430 1431/1431 1432/1432
v 0.328125000 1.612500000 0.437500000
v 0.328125000 1.250000000 0.437500000
v -0.015625000 1.250000000 0.437500000
v -0.015625000 1.612500000 0.437500000
vt 0.195312500 0.109375000
vt 0.195312500 0.154296875
vt 0.238281250 0.154296875
vt 0.238281250 0.109375000
f 1433/1433 1434/1434 1435/1435 1436/1436
v -0.015625000 1.612500000 0.562500000
v -0.015625000 1.250000000 0.562500000
v 0.328125000 1.250000000 0.562500000
v 0.328125000 1.612500000 0.562500000
vt 0.203125000 0.164062500
vt 0.203125000 0.208984375
vt 0.246093750 0.208984375
vt 0.246093750 0.164062500
f 1437/1437 1438/1438 1439/1439 1440/1440
v 0.328125000 1.612500000 0.562500000
v 0.328125000 1.250000000 0.562500000
v 0.328125000 1.250000000 0.437500000
v 0.328125000 1.612500000 0.437500000
vt 0.031250000 0.421875000
vt 0.031250000 0.466796875
vt 0.046875000 0.466796875
vt 0.046875000 0.421875000
f 1441/1441 1442/1442 1443/1443 1444/1444
v -0.015625000 1.612500000 0.437500000
v -0.015625000 1.250000000 0.437500000
v -0.015625000 1.250000000 0.562500000
v -0.015625000 1.612500000 0.562500000
vt 0.421875000 0.054687500
vt 0.421875000 0.099609375
vt 0.437500000 0.099609375
vt 0.437500000 0.054687500
f 1445/1445 1446/1446 1447/1447 1448/1448
v -0.015625000 1.612500000 0.437500000
v -0.015625000 1.612500000 0.562500000
v 0.328125000 1.612500000 0.562500000
v 0.328125000 1.612500000 0.437500000
vt 0.441406250 0.437500000
vt 0.441406250 0.421875000
vt 0.398437500 0.421875000
vt 0.398437500 0.437500000
f 1449/1449 1450/1450 1451/1451 1452/1452
v -0.015625000 1.250000000 0.562500000
v -0.015625000 1.250000000 0.437500000
v 0.328125000 1.250000000 0.437500000
v 0.328125000 1.250000000 0.562500000
vt 0.175781250 0.429687500
vt 0.175781250 0.445312500
vt 0.132812500 0.445312500
vt 0.132812500 0.429687500
f 1453/1453 1454/1454 1455/1455 1456/1456
v 0.046875000 1.612500000 0.453125000
v 0.046875000 1.262500000 0.453125000
v -0.228125000 1.262500000 0.453125000
v -0.228125000 1.612500000 0.453125000
vt 0.242187500 0.281250000
vt 0.242187500 0.324218750
vt 0.277343750 0.324218750
vt 0.277343750 0.281250000
f 1457/1457 1458/1458 1459/1459 1460/1460
v -0.228125000 1.612500000 0.546875000
v -0.228125000 1.262500000 0.546875000
v 0.046875000 1.262500000 0.546875000
v 0.046875000 1.612500000 0.546875000
vt 0.289062500 0.281250000
vt 0.289062500 0.324218750
vt 0.324218750 0.324218750
vt 0.324218750 0.281250000
f 1461/1461 1462/1462 1463/1463 1464/1464
v 0.046875000 1.612500000 0.546875000
v 0.046875000 1.262500000 0.546875000
v 0.046875000 1.262500000 0.453125000
v 0.046875000 1.612500000 0.453125000
vt 0.078125000 0.484375000
vt 0.078125000 0.527343750
vt 0.089843750 0.527343750
vt 0.089843750 0.484375000
f 1465/1465 1466/1466 1467/1467 1468/1468
v -0.228125000 1.612500000 0.453125000
v -0.228125000 1.262500000 0.453125000
v -0.228125000 1.262500000 0.546875000
v -0.228125000 1.612500000 0.546875000
vt 0.101562500 0.484375000
vt 0.101562500 0.527343750
vt 0.113281250 0.527343750
vt 0.113281250 0.484375000
f 1469/1469 1470/1470 1471/1471 1472/1472
v -0.228125000 1.612500000 0.453125000
v -0.228125000 1.612500000 0.546875000
v 0.046875000 1.612500000 0.546875000
v 0.046875000 1.612500000 0.453125000
vt 0.527343750 0.105468750
vt 0.527343750 0.093750000
vt 0.492187500 0.093750000
vt 0.492187500 0.105468750
f 1473/1473 1474/1474 1475/1475 1476/1476
v -0.228125000 1.262500000 0.546875000
v -0.228125000 1.262500000 0.453125000
v 0.046875000 1.262500000 0.453125000
v 0.046875000 1.262500000 0.546875000
vt 0.527343750 0.117187500
vt 0.527343750 0.128906250
vt 0.492187500 0.128906250
vt 0.492187500 0.117187500
f 1477/1477 1478/1478 1479/1479 1480/1480
v -0.228125000 1.631250000 0.468750000
v -0.228125000 1.243750000 0.468750000
v -0.396875000 1.243750000 0.468750000
v -0.396875000 1.631250000 0.468750000
vt 0.351562500 0.093750000
vt 0.351562500 0.142578125
vt 0.373046875 0.142578125
vt 0.373046875 0.093750000
f 1481/1481 1482/1482 1483/1483 1484/1484
v -0.396875000 1.631250000 0.531250000
v -0.396875000 1.243750000 0.531250000
v -0.228125000 1.243750000 0.531250000
v -0.228125000 1.631250000 0.531250000
vt 0.351562500 0.156250000
vt 0.351562500 0.205078125
vt 0.373046875 0.205078125
vt 0.373046875 0.156250000
f 1485/1485 1486/1486 1487/1487 1488/1488
v -0.228125000 1.631250000 0.531250000
v -0.228125000 1.243750000 0.531250000
v -0.228125000 1.243750000 0.468750000
v -0.228125000 1.631250000 0.468750000
vt 0.476562500 0.500000000
vt 0.476562500 0.548828125
vt 0.484375000 0.548828125
vt 0.484375000 0.500000000
f 1489/1489 1490/1490 1491/1491 1492/1492
v -0.396875000 1.631250000 0.468750000
v -0.396875000 1.243750000 0.468750000
v -0.396875000 1.243750000 0.531250000
v -0.396875000 1.631250000 0.531250000
vt 0.492187500 0.500000000
vt 0.492187500 0.548828125
vt 0.500000000 0.548828125
vt 0.500000000 0.500000000
f 1493/1493 1494/1494 1495/1495 1496/1496
v -0.396875000 1.631250000 0.468750000
v -0.396875000 1.631250000 0.531250000
v -0.228125000 1.631250000 0.531250000
v -0.228125000 1.631250000 0.468750000
vt 0.560546875 0.570312500
vt 0.560546875 0.562500000
vt 0.539062500 0.562500000
vt 0.539062500 0.570312500
f 1497/1497 1498/1498 1499/1499 1500/1500
v -0.396875000 1.243750000 0.531250000
v -0.396875000 1.243750000 0.468750000
v -0.228125000 1.243750000 0.468750000
v -0.228125000 1.243750000 0.531250000
vt 0.591796875 0.203125000
vt 0.591796875 0.210937500
vt 0.570312500 0.210937500
vt 0.570312500 0.203125000
f 1501/1501 1502/1502 1503/1503 1504/1504
v -0.396875000 1.568750000 0.484375000
v -0.396875000 1.306250000 0.484375000
v -0.478125000 1.306250000 0.484375000
v -0.478125000 1.568750000 0.484375000
vt 0.148437500 0.531250000
vt 0.148437500 0.564453125
vt 0.158203125 0.564453125
vt 0.158203125 0.531250000
f 1505/1505 1506/1506 1507/1507 1508/1508
v -0.478125000 1.568750000 0.515625000
v -0.478125000 1.306250000 0.515625000
v -0.396875000 1.306250000 0.515625000
v -0.396875000 1.568750000 0.515625000
vt 0.171875000 0.531250000
vt 0.171875000 0.564453125
vt 0.181640625 0.564453125
vt 0.181640625 0.531250000
f 1509/1509 1510/1510 1511/1511 1512/1512
v -0.396875000 1.568750000 0.515625000
v -0.396875000 1.306250000 0.515625000
v -0.396875000 1.306250000 0.484375000
v -0.396875000 1.568750000 0.484375000
vt 0.125000000 0.578125000
vt 0.125000000 0.611328125
vt 0.128906250 0.611328125
vt 0.128906250 0.578125000
f 1513/1513 1514/1514 1515/1515 1516/1516
v -0.478125000 1.568750000 0.484375000
v -0.478125000 1.306250000 0.484375000
v -0.478125000 1.306250000 0.515625000
v -0.478125000 1.568750000 0.515625000
vt 0.578125000 0.125000000
vt 0.578125000 0.158203125
vt 0.582031250 0.158203125
vt 0.582031250 0.125000000
f 1517/1517 1518/1518 1519/1519 1520/1520
v -0.478125000 1.568750000 0.484375000
v -0.478125000 1.568750000 0.515625000
v -0.396875000 1.568750000 0.515625000
v -0.396875000 1.568750000 0.484375000
vt 0.197265625 0.621093750
vt 0.197265625 0.617187500
vt 0.187500000 0.617187500
vt 0.187500000 0.621093750
f 1521/1521 1522/1522 1523/1523 1524/1524
v -0.478125000 1.306250000 0.515625000
v -0.478125000 1.306250000 0.484375000
v -0.396875000 1.306250000 0.484375000
v -0.396875000 1.306250000 0.515625000
vt 0.220703125 0.617187500
vt 0.220703125 0.621093750
vt 0.210937500 0.621093750
vt 0.210937500 0.617187500
f 1525/1525 1526/1526 1527/1527 1528/1528
